[0.000000] (-) TimerEvent: {}
[0.000118] (pubsub_img_pkg) JobQueued: {'identifier': 'pubsub_img_pkg', 'dependencies': OrderedDict()}
[0.000162] (pubsub_interfaces) JobQueued: {'identifier': 'pubsub_interfaces', 'dependencies': OrderedDict()}
[0.000189] (pubsub_pkg) JobQueued: {'identifier': 'pubsub_pkg', 'dependencies': OrderedDict()}
[0.000200] (pubsub_custom) JobQueued: {'identifier': 'pubsub_custom', 'dependencies': OrderedDict([('pubsub_interfaces', '/home/ivan/personal/robotics_ros2/basic_concepts/ros2_ws/install/pubsub_interfaces')])}
[0.000213] (turtle_controller) JobQueued: {'identifier': 'turtle_controller', 'dependencies': OrderedDict([('pubsub_interfaces', '/home/ivan/personal/robotics_ros2/basic_concepts/ros2_ws/install/pubsub_interfaces')])}
[0.000506] (pubsub_interfaces) JobStarted: {'identifier': 'pubsub_interfaces'}
[0.005916] (pubsub_img_pkg) JobStarted: {'identifier': 'pubsub_img_pkg'}
[0.010032] (pubsub_pkg) JobStarted: {'identifier': 'pubsub_pkg'}
[0.017325] (pubsub_interfaces) JobProgress: {'identifier': 'pubsub_interfaces', 'progress': 'cmake'}
[0.020231] (pubsub_interfaces) JobProgress: {'identifier': 'pubsub_interfaces', 'progress': 'build'}
[0.022890] (pubsub_interfaces) Command: {'cmd': ['/usr/bin/cmake', '--build', '/home/ivan/personal/robotics_ros2/basic_concepts/ros2_ws/build/pubsub_interfaces', '--', '-j12', '-l12'], 'cwd': '/home/ivan/personal/robotics_ros2/basic_concepts/ros2_ws/build/pubsub_interfaces', 'env': OrderedDict([('PYTHON_BASIC_REPL', '1'), ('LESSOPEN', '| /usr/bin/lesspipe %s'), ('USER', 'ivan'), ('GIT_ASKPASS', '/home/ivan/.vscode-server/bin/03c265b1adee71ac88f833e065f7bb956b60550a/extensions/git/dist/askpass.sh'), ('SHLVL', '1'), ('LD_LIBRARY_PATH', '/usr/lib/x86_64-linux-gnu/gazebo-11/plugins:/opt/ros/humble/opt/rviz_ogre_vendor/lib:/opt/ros/humble/lib/x86_64-linux-gnu:/opt/ros/humble/lib'), ('MOTD_SHOWN', 'update-motd'), ('HOME', '/home/ivan'), ('OLDPWD', '/home/ivan/personal/robotics_ros2/basic_concepts/ros2_ws/src'), ('TERM_PROGRAM_VERSION', '1.105.0'), ('VSCODE_IPC_HOOK_CLI', '/run/user/1000/vscode-ipc-675c3a9c-43a3-4d8b-9d2a-8808d58fabfd.sock'), ('ROS_PYTHON_VERSION', '3'), ('VSCODE_GIT_ASKPASS_MAIN', '/home/ivan/.vscode-server/bin/03c265b1adee71ac88f833e065f7bb956b60550a/extensions/git/dist/askpass-main.js'), ('VSCODE_GIT_ASKPASS_NODE', '/home/ivan/.vscode-server/bin/03c265b1adee71ac88f833e065f7bb956b60550a/node'), ('PYDEVD_DISABLE_FILE_VALIDATION', '1'), ('BUNDLED_DEBUGPY_PATH', '/home/ivan/.vscode-server/extensions/ms-python.debugpy-2025.14.1-linux-x64/bundled/libs/debugpy'), ('VSCODE_PYTHON_AUTOACTIVATE_GUARD', '1'), ('DBUS_SESSION_BUS_ADDRESS', 'unix:path=/run/user/1000/bus'), ('COLORTERM', 'truecolor'), ('WSL_DISTRO_NAME', 'Ubuntu-22.04'), ('WAYLAND_DISPLAY', 'wayland-0'), ('COLCON_PREFIX_PATH', '/home/ivan/personal/robotics_ros2/basic_concepts/ros2_ws/install'), ('ROS_DISTRO', 'humble'), ('LOGNAME', 'ivan'), ('NAME', 'ivan'), ('WSL_INTEROP', '/run/WSL/653400_interop'), ('PULSE_SERVER', 'unix:/mnt/wslg/PulseServer'), ('_', '/usr/bin/colcon'), ('ROS_VERSION', '2'), ('TERM', 'xterm-256color'), ('ROS_LOCALHOST_ONLY', '0'), ('PATH', '/opt/ros/humble/bin:/home/ivan/.vscode-server/bin/03c265b1adee71ac88f833e065f7bb956b60550a/bin/remote-cli:/home/ivan/.local/bin:/usr/local/sbin:/usr/local/bin:/usr/sbin:/usr/bin:/sbin:/bin:/usr/games:/usr/local/games:/usr/lib/wsl/lib:/mnt/c/WINDOWS/system32:/mnt/c/WINDOWS:/mnt/c/WINDOWS/System32/Wbem:/mnt/c/WINDOWS/System32/WindowsPowerShell/v1.0/:/mnt/c/WINDOWS/System32/OpenSSH/:/mnt/c/Program Files/Docker/Docker/resources/bin:/mnt/c/Program Files/usbipd-win/usbpid.exe:/mnt/c/Program Files/usbipd-win/:/mnt/c/Program Files/Git/cmd:/mnt/c/Users/ivanr/AppData/Local/Microsoft/WindowsApps:/mnt/c/Users/ivanr/AppData/Local/Programs/Microsoft VS Code/bin:/mnt/c/Program Files/usbipd-win:/mnt/c/Users/ivanr/AppData/Local/GitHubDesktop/bin:/snap/bin:/home/ivan/.vscode-server/extensions/ms-python.debugpy-2025.14.1-linux-x64/bundled/scripts/noConfigScripts'), ('XDG_RUNTIME_DIR', '/run/user/1000/'), ('DISPLAY', ':0'), ('VSCODE_DEBUGPY_ADAPTER_ENDPOINTS', '/home/ivan/.vscode-server/extensions/ms-python.debugpy-2025.14.1-linux-x64/.noConfigDebugAdapterEndpoints/endpoint-c19a3edb7b97d236.txt'), ('LANG', 'en_US.UTF-8'), ('PYTHONSTARTUP', '/home/ivan/.vscode-server/data/User/workspaceStorage/00d32fe8668f0231a37c304db2c235a6/ms-python.python/pythonrc.py'), ('LS_COLORS', 'rs=0:di=01;34:ln=01;36:mh=00:pi=40;33:so=01;35:do=01;35:bd=40;33;01:cd=40;33;01:or=40;31;01:mi=00:su=37;41:sg=30;43:ca=30;41:tw=30;42:ow=34;42:st=37;44:ex=01;32:*.tar=01;31:*.tgz=01;31:*.arc=01;31:*.arj=01;31:*.taz=01;31:*.lha=01;31:*.lz4=01;31:*.lzh=01;31:*.lzma=01;31:*.tlz=01;31:*.txz=01;31:*.tzo=01;31:*.t7z=01;31:*.zip=01;31:*.z=01;31:*.dz=01;31:*.gz=01;31:*.lrz=01;31:*.lz=01;31:*.lzo=01;31:*.xz=01;31:*.zst=01;31:*.tzst=01;31:*.bz2=01;31:*.bz=01;31:*.tbz=01;31:*.tbz2=01;31:*.tz=01;31:*.deb=01;31:*.rpm=01;31:*.jar=01;31:*.war=01;31:*.ear=01;31:*.sar=01;31:*.rar=01;31:*.alz=01;31:*.ace=01;31:*.zoo=01;31:*.cpio=01;31:*.7z=01;31:*.rz=01;31:*.cab=01;31:*.wim=01;31:*.swm=01;31:*.dwm=01;31:*.esd=01;31:*.jpg=01;35:*.jpeg=01;35:*.mjpg=01;35:*.mjpeg=01;35:*.gif=01;35:*.bmp=01;35:*.pbm=01;35:*.pgm=01;35:*.ppm=01;35:*.tga=01;35:*.xbm=01;35:*.xpm=01;35:*.tif=01;35:*.tiff=01;35:*.png=01;35:*.svg=01;35:*.svgz=01;35:*.mng=01;35:*.pcx=01;35:*.mov=01;35:*.mpg=01;35:*.mpeg=01;35:*.m2v=01;35:*.mkv=01;35:*.webm=01;35:*.webp=01;35:*.ogm=01;35:*.mp4=01;35:*.m4v=01;35:*.mp4v=01;35:*.vob=01;35:*.qt=01;35:*.nuv=01;35:*.wmv=01;35:*.asf=01;35:*.rm=01;35:*.rmvb=01;35:*.flc=01;35:*.avi=01;35:*.fli=01;35:*.flv=01;35:*.gl=01;35:*.dl=01;35:*.xcf=01;35:*.xwd=01;35:*.yuv=01;35:*.cgm=01;35:*.emf=01;35:*.ogv=01;35:*.ogx=01;35:*.aac=00;36:*.au=00;36:*.flac=00;36:*.m4a=00;36:*.mid=00;36:*.midi=00;36:*.mka=00;36:*.mp3=00;36:*.mpc=00;36:*.ogg=00;36:*.ra=00;36:*.wav=00;36:*.oga=00;36:*.opus=00;36:*.spx=00;36:*.xspf=00;36:'), ('VSCODE_GIT_IPC_HANDLE', '/run/user/1000/vscode-git-f5c21ee3f8.sock'), ('TERM_PROGRAM', 'vscode'), ('AMENT_PREFIX_PATH', '/home/ivan/personal/robotics_ros2/basic_concepts/ros2_ws/install/pubsub_pkg:/opt/ros/humble'), ('SHELL', '/bin/bash'), ('LESSCLOSE', '/usr/bin/lesspipe %s %s'), ('VSCODE_GIT_ASKPASS_EXTRA_ARGS', ''), ('PWD', '/home/ivan/personal/robotics_ros2/basic_concepts/ros2_ws/build/pubsub_interfaces'), ('XDG_DATA_DIRS', '/usr/local/share:/usr/share:/var/lib/snapd/desktop'), ('PYTHONPATH', '/home/ivan/personal/robotics_ros2/basic_concepts/ros2_ws/install/pubsub_pkg/lib/python3.10/site-packages:/opt/ros/humble/lib/python3.10/site-packages:/opt/ros/humble/local/lib/python3.10/dist-packages'), ('COLCON', '1'), ('WSL2_GUI_APPS_ENABLED', '1'), ('HOSTTYPE', 'x86_64'), ('WSLENV', 'VSCODE_WSL_EXT_LOCATION/up'), ('CMAKE_PREFIX_PATH', '/home/ivan/personal/robotics_ros2/basic_concepts/ros2_ws/install/pubsub_pkg:/opt/ros/humble')]), 'shell': False}
[0.099857] (-) TimerEvent: {}
[0.200537] (-) TimerEvent: {}
[0.276918] (pubsub_interfaces) StdoutLine: {'line': b'-- Found ament_cmake: 1.3.11 (/opt/ros/humble/share/ament_cmake/cmake)\n'}
[0.278108] (pubsub_interfaces) StdoutLine: {'line': b'-- Found rosidl_default_generators: 1.2.0 (/opt/ros/humble/share/rosidl_default_generators/cmake)\n'}
[0.278411] (pubsub_interfaces) StdoutLine: {'line': b'-- Using all available rosidl_typesupport_c: rosidl_typesupport_fastrtps_c;rosidl_typesupport_introspection_c\n'}
[0.278531] (pubsub_interfaces) StdoutLine: {'line': b'-- Found rosidl_adapter: 3.1.6 (/opt/ros/humble/share/rosidl_adapter/cmake)\n'}
[0.298287] (pubsub_interfaces) StdoutLine: {'line': b'-- Using all available rosidl_typesupport_cpp: rosidl_typesupport_fastrtps_cpp;rosidl_typesupport_introspection_cpp\n'}
[0.301043] (-) TimerEvent: {}
[0.401865] (-) TimerEvent: {}
[0.502300] (-) TimerEvent: {}
[0.560008] (pubsub_interfaces) StdoutLine: {'line': b'-- Found ament_cmake_ros: 0.10.0 (/opt/ros/humble/share/ament_cmake_ros/cmake)\n'}
[0.602731] (-) TimerEvent: {}
[0.703602] (-) TimerEvent: {}
[0.764173] (pubsub_interfaces) StdoutLine: {'line': b'-- Using all available rosidl_typesupport_c: rosidl_typesupport_fastrtps_c;rosidl_typesupport_introspection_c\n'}
[0.804296] (-) TimerEvent: {}
[0.891816] (pubsub_img_pkg) Command: {'cmd': ['/usr/bin/python3', '-W', 'ignore:setup.py install is deprecated', '-W', 'ignore:easy_install command is deprecated', 'setup.py', 'egg_info', '--egg-base', '../../build/pubsub_img_pkg', 'build', '--build-base', '/home/ivan/personal/robotics_ros2/basic_concepts/ros2_ws/build/pubsub_img_pkg/build', 'install', '--record', '/home/ivan/personal/robotics_ros2/basic_concepts/ros2_ws/build/pubsub_img_pkg/install.log', '--single-version-externally-managed', 'install_data'], 'cwd': '/home/ivan/personal/robotics_ros2/basic_concepts/ros2_ws/src/pubsub_img_pkg', 'env': {'PYTHON_BASIC_REPL': '1', 'LESSOPEN': '| /usr/bin/lesspipe %s', 'USER': 'ivan', 'GIT_ASKPASS': '/home/ivan/.vscode-server/bin/03c265b1adee71ac88f833e065f7bb956b60550a/extensions/git/dist/askpass.sh', 'SHLVL': '1', 'LD_LIBRARY_PATH': '/usr/lib/x86_64-linux-gnu/gazebo-11/plugins:/opt/ros/humble/opt/rviz_ogre_vendor/lib:/opt/ros/humble/lib/x86_64-linux-gnu:/opt/ros/humble/lib', 'MOTD_SHOWN': 'update-motd', 'HOME': '/home/ivan', 'OLDPWD': '/home/ivan/personal/robotics_ros2/basic_concepts/ros2_ws/src', 'TERM_PROGRAM_VERSION': '1.105.0', 'VSCODE_IPC_HOOK_CLI': '/run/user/1000/vscode-ipc-675c3a9c-43a3-4d8b-9d2a-8808d58fabfd.sock', 'ROS_PYTHON_VERSION': '3', 'VSCODE_GIT_ASKPASS_MAIN': '/home/ivan/.vscode-server/bin/03c265b1adee71ac88f833e065f7bb956b60550a/extensions/git/dist/askpass-main.js', 'VSCODE_GIT_ASKPASS_NODE': '/home/ivan/.vscode-server/bin/03c265b1adee71ac88f833e065f7bb956b60550a/node', 'PYDEVD_DISABLE_FILE_VALIDATION': '1', 'BUNDLED_DEBUGPY_PATH': '/home/ivan/.vscode-server/extensions/ms-python.debugpy-2025.14.1-linux-x64/bundled/libs/debugpy', 'VSCODE_PYTHON_AUTOACTIVATE_GUARD': '1', 'DBUS_SESSION_BUS_ADDRESS': 'unix:path=/run/user/1000/bus', 'COLORTERM': 'truecolor', 'WSL_DISTRO_NAME': 'Ubuntu-22.04', 'WAYLAND_DISPLAY': 'wayland-0', 'COLCON_PREFIX_PATH': '/home/ivan/personal/robotics_ros2/basic_concepts/ros2_ws/install', 'ROS_DISTRO': 'humble', 'LOGNAME': 'ivan', 'NAME': 'ivan', 'WSL_INTEROP': '/run/WSL/653400_interop', 'PULSE_SERVER': 'unix:/mnt/wslg/PulseServer', '_': '/usr/bin/colcon', 'ROS_VERSION': '2', 'TERM': 'xterm-256color', 'ROS_LOCALHOST_ONLY': '0', 'PATH': '/opt/ros/humble/bin:/home/ivan/.vscode-server/bin/03c265b1adee71ac88f833e065f7bb956b60550a/bin/remote-cli:/home/ivan/.local/bin:/usr/local/sbin:/usr/local/bin:/usr/sbin:/usr/bin:/sbin:/bin:/usr/games:/usr/local/games:/usr/lib/wsl/lib:/mnt/c/WINDOWS/system32:/mnt/c/WINDOWS:/mnt/c/WINDOWS/System32/Wbem:/mnt/c/WINDOWS/System32/WindowsPowerShell/v1.0/:/mnt/c/WINDOWS/System32/OpenSSH/:/mnt/c/Program Files/Docker/Docker/resources/bin:/mnt/c/Program Files/usbipd-win/usbpid.exe:/mnt/c/Program Files/usbipd-win/:/mnt/c/Program Files/Git/cmd:/mnt/c/Users/ivanr/AppData/Local/Microsoft/WindowsApps:/mnt/c/Users/ivanr/AppData/Local/Programs/Microsoft VS Code/bin:/mnt/c/Program Files/usbipd-win:/mnt/c/Users/ivanr/AppData/Local/GitHubDesktop/bin:/snap/bin:/home/ivan/.vscode-server/extensions/ms-python.debugpy-2025.14.1-linux-x64/bundled/scripts/noConfigScripts', 'XDG_RUNTIME_DIR': '/run/user/1000/', 'DISPLAY': ':0', 'VSCODE_DEBUGPY_ADAPTER_ENDPOINTS': '/home/ivan/.vscode-server/extensions/ms-python.debugpy-2025.14.1-linux-x64/.noConfigDebugAdapterEndpoints/endpoint-c19a3edb7b97d236.txt', 'LANG': 'en_US.UTF-8', 'PYTHONSTARTUP': '/home/ivan/.vscode-server/data/User/workspaceStorage/00d32fe8668f0231a37c304db2c235a6/ms-python.python/pythonrc.py', 'LS_COLORS': 'rs=0:di=01;34:ln=01;36:mh=00:pi=40;33:so=01;35:do=01;35:bd=40;33;01:cd=40;33;01:or=40;31;01:mi=00:su=37;41:sg=30;43:ca=30;41:tw=30;42:ow=34;42:st=37;44:ex=01;32:*.tar=01;31:*.tgz=01;31:*.arc=01;31:*.arj=01;31:*.taz=01;31:*.lha=01;31:*.lz4=01;31:*.lzh=01;31:*.lzma=01;31:*.tlz=01;31:*.txz=01;31:*.tzo=01;31:*.t7z=01;31:*.zip=01;31:*.z=01;31:*.dz=01;31:*.gz=01;31:*.lrz=01;31:*.lz=01;31:*.lzo=01;31:*.xz=01;31:*.zst=01;31:*.tzst=01;31:*.bz2=01;31:*.bz=01;31:*.tbz=01;31:*.tbz2=01;31:*.tz=01;31:*.deb=01;31:*.rpm=01;31:*.jar=01;31:*.war=01;31:*.ear=01;31:*.sar=01;31:*.rar=01;31:*.alz=01;31:*.ace=01;31:*.zoo=01;31:*.cpio=01;31:*.7z=01;31:*.rz=01;31:*.cab=01;31:*.wim=01;31:*.swm=01;31:*.dwm=01;31:*.esd=01;31:*.jpg=01;35:*.jpeg=01;35:*.mjpg=01;35:*.mjpeg=01;35:*.gif=01;35:*.bmp=01;35:*.pbm=01;35:*.pgm=01;35:*.ppm=01;35:*.tga=01;35:*.xbm=01;35:*.xpm=01;35:*.tif=01;35:*.tiff=01;35:*.png=01;35:*.svg=01;35:*.svgz=01;35:*.mng=01;35:*.pcx=01;35:*.mov=01;35:*.mpg=01;35:*.mpeg=01;35:*.m2v=01;35:*.mkv=01;35:*.webm=01;35:*.webp=01;35:*.ogm=01;35:*.mp4=01;35:*.m4v=01;35:*.mp4v=01;35:*.vob=01;35:*.qt=01;35:*.nuv=01;35:*.wmv=01;35:*.asf=01;35:*.rm=01;35:*.rmvb=01;35:*.flc=01;35:*.avi=01;35:*.fli=01;35:*.flv=01;35:*.gl=01;35:*.dl=01;35:*.xcf=01;35:*.xwd=01;35:*.yuv=01;35:*.cgm=01;35:*.emf=01;35:*.ogv=01;35:*.ogx=01;35:*.aac=00;36:*.au=00;36:*.flac=00;36:*.m4a=00;36:*.mid=00;36:*.midi=00;36:*.mka=00;36:*.mp3=00;36:*.mpc=00;36:*.ogg=00;36:*.ra=00;36:*.wav=00;36:*.oga=00;36:*.opus=00;36:*.spx=00;36:*.xspf=00;36:', 'VSCODE_GIT_IPC_HANDLE': '/run/user/1000/vscode-git-f5c21ee3f8.sock', 'TERM_PROGRAM': 'vscode', 'AMENT_PREFIX_PATH': '/home/ivan/personal/robotics_ros2/basic_concepts/ros2_ws/install/pubsub_pkg:/opt/ros/humble', 'SHELL': '/bin/bash', 'LESSCLOSE': '/usr/bin/lesspipe %s %s', 'VSCODE_GIT_ASKPASS_EXTRA_ARGS': '', 'PWD': '/home/ivan/personal/robotics_ros2/basic_concepts/ros2_ws/build/pubsub_img_pkg', 'XDG_DATA_DIRS': '/usr/local/share:/usr/share:/var/lib/snapd/desktop', 'PYTHONPATH': '/home/ivan/personal/robotics_ros2/basic_concepts/ros2_ws/build/pubsub_img_pkg/prefix_override:/usr/lib/python3/dist-packages/colcon_core/task/python/colcon_distutils_commands:/home/ivan/personal/robotics_ros2/basic_concepts/ros2_ws/install/pubsub_img_pkg/lib/python3.10/site-packages:/home/ivan/personal/robotics_ros2/basic_concepts/ros2_ws/install/pubsub_pkg/lib/python3.10/site-packages:/opt/ros/humble/lib/python3.10/site-packages:/opt/ros/humble/local/lib/python3.10/dist-packages', 'COLCON': '1', 'WSL2_GUI_APPS_ENABLED': '1', 'HOSTTYPE': 'x86_64', 'WSLENV': 'VSCODE_WSL_EXT_LOCATION/up'}, 'shell': False}
[0.899764] (pubsub_pkg) Command: {'cmd': ['/usr/bin/python3', '-W', 'ignore:setup.py install is deprecated', '-W', 'ignore:easy_install command is deprecated', 'setup.py', 'egg_info', '--egg-base', '../../build/pubsub_pkg', 'build', '--build-base', '/home/ivan/personal/robotics_ros2/basic_concepts/ros2_ws/build/pubsub_pkg/build', 'install', '--record', '/home/ivan/personal/robotics_ros2/basic_concepts/ros2_ws/build/pubsub_pkg/install.log', '--single-version-externally-managed', 'install_data'], 'cwd': '/home/ivan/personal/robotics_ros2/basic_concepts/ros2_ws/src/pubsub_pkg', 'env': {'PYTHON_BASIC_REPL': '1', 'LESSOPEN': '| /usr/bin/lesspipe %s', 'USER': 'ivan', 'GIT_ASKPASS': '/home/ivan/.vscode-server/bin/03c265b1adee71ac88f833e065f7bb956b60550a/extensions/git/dist/askpass.sh', 'SHLVL': '1', 'LD_LIBRARY_PATH': '/usr/lib/x86_64-linux-gnu/gazebo-11/plugins:/opt/ros/humble/opt/rviz_ogre_vendor/lib:/opt/ros/humble/lib/x86_64-linux-gnu:/opt/ros/humble/lib', 'MOTD_SHOWN': 'update-motd', 'HOME': '/home/ivan', 'OLDPWD': '/home/ivan/personal/robotics_ros2/basic_concepts/ros2_ws/src', 'TERM_PROGRAM_VERSION': '1.105.0', 'VSCODE_IPC_HOOK_CLI': '/run/user/1000/vscode-ipc-675c3a9c-43a3-4d8b-9d2a-8808d58fabfd.sock', 'ROS_PYTHON_VERSION': '3', 'VSCODE_GIT_ASKPASS_MAIN': '/home/ivan/.vscode-server/bin/03c265b1adee71ac88f833e065f7bb956b60550a/extensions/git/dist/askpass-main.js', 'VSCODE_GIT_ASKPASS_NODE': '/home/ivan/.vscode-server/bin/03c265b1adee71ac88f833e065f7bb956b60550a/node', 'PYDEVD_DISABLE_FILE_VALIDATION': '1', 'BUNDLED_DEBUGPY_PATH': '/home/ivan/.vscode-server/extensions/ms-python.debugpy-2025.14.1-linux-x64/bundled/libs/debugpy', 'VSCODE_PYTHON_AUTOACTIVATE_GUARD': '1', 'DBUS_SESSION_BUS_ADDRESS': 'unix:path=/run/user/1000/bus', 'COLORTERM': 'truecolor', 'WSL_DISTRO_NAME': 'Ubuntu-22.04', 'WAYLAND_DISPLAY': 'wayland-0', 'COLCON_PREFIX_PATH': '/home/ivan/personal/robotics_ros2/basic_concepts/ros2_ws/install', 'ROS_DISTRO': 'humble', 'LOGNAME': 'ivan', 'NAME': 'ivan', 'WSL_INTEROP': '/run/WSL/653400_interop', 'PULSE_SERVER': 'unix:/mnt/wslg/PulseServer', '_': '/usr/bin/colcon', 'ROS_VERSION': '2', 'TERM': 'xterm-256color', 'ROS_LOCALHOST_ONLY': '0', 'PATH': '/opt/ros/humble/bin:/home/ivan/.vscode-server/bin/03c265b1adee71ac88f833e065f7bb956b60550a/bin/remote-cli:/home/ivan/.local/bin:/usr/local/sbin:/usr/local/bin:/usr/sbin:/usr/bin:/sbin:/bin:/usr/games:/usr/local/games:/usr/lib/wsl/lib:/mnt/c/WINDOWS/system32:/mnt/c/WINDOWS:/mnt/c/WINDOWS/System32/Wbem:/mnt/c/WINDOWS/System32/WindowsPowerShell/v1.0/:/mnt/c/WINDOWS/System32/OpenSSH/:/mnt/c/Program Files/Docker/Docker/resources/bin:/mnt/c/Program Files/usbipd-win/usbpid.exe:/mnt/c/Program Files/usbipd-win/:/mnt/c/Program Files/Git/cmd:/mnt/c/Users/ivanr/AppData/Local/Microsoft/WindowsApps:/mnt/c/Users/ivanr/AppData/Local/Programs/Microsoft VS Code/bin:/mnt/c/Program Files/usbipd-win:/mnt/c/Users/ivanr/AppData/Local/GitHubDesktop/bin:/snap/bin:/home/ivan/.vscode-server/extensions/ms-python.debugpy-2025.14.1-linux-x64/bundled/scripts/noConfigScripts', 'XDG_RUNTIME_DIR': '/run/user/1000/', 'DISPLAY': ':0', 'VSCODE_DEBUGPY_ADAPTER_ENDPOINTS': '/home/ivan/.vscode-server/extensions/ms-python.debugpy-2025.14.1-linux-x64/.noConfigDebugAdapterEndpoints/endpoint-c19a3edb7b97d236.txt', 'LANG': 'en_US.UTF-8', 'PYTHONSTARTUP': '/home/ivan/.vscode-server/data/User/workspaceStorage/00d32fe8668f0231a37c304db2c235a6/ms-python.python/pythonrc.py', 'LS_COLORS': 'rs=0:di=01;34:ln=01;36:mh=00:pi=40;33:so=01;35:do=01;35:bd=40;33;01:cd=40;33;01:or=40;31;01:mi=00:su=37;41:sg=30;43:ca=30;41:tw=30;42:ow=34;42:st=37;44:ex=01;32:*.tar=01;31:*.tgz=01;31:*.arc=01;31:*.arj=01;31:*.taz=01;31:*.lha=01;31:*.lz4=01;31:*.lzh=01;31:*.lzma=01;31:*.tlz=01;31:*.txz=01;31:*.tzo=01;31:*.t7z=01;31:*.zip=01;31:*.z=01;31:*.dz=01;31:*.gz=01;31:*.lrz=01;31:*.lz=01;31:*.lzo=01;31:*.xz=01;31:*.zst=01;31:*.tzst=01;31:*.bz2=01;31:*.bz=01;31:*.tbz=01;31:*.tbz2=01;31:*.tz=01;31:*.deb=01;31:*.rpm=01;31:*.jar=01;31:*.war=01;31:*.ear=01;31:*.sar=01;31:*.rar=01;31:*.alz=01;31:*.ace=01;31:*.zoo=01;31:*.cpio=01;31:*.7z=01;31:*.rz=01;31:*.cab=01;31:*.wim=01;31:*.swm=01;31:*.dwm=01;31:*.esd=01;31:*.jpg=01;35:*.jpeg=01;35:*.mjpg=01;35:*.mjpeg=01;35:*.gif=01;35:*.bmp=01;35:*.pbm=01;35:*.pgm=01;35:*.ppm=01;35:*.tga=01;35:*.xbm=01;35:*.xpm=01;35:*.tif=01;35:*.tiff=01;35:*.png=01;35:*.svg=01;35:*.svgz=01;35:*.mng=01;35:*.pcx=01;35:*.mov=01;35:*.mpg=01;35:*.mpeg=01;35:*.m2v=01;35:*.mkv=01;35:*.webm=01;35:*.webp=01;35:*.ogm=01;35:*.mp4=01;35:*.m4v=01;35:*.mp4v=01;35:*.vob=01;35:*.qt=01;35:*.nuv=01;35:*.wmv=01;35:*.asf=01;35:*.rm=01;35:*.rmvb=01;35:*.flc=01;35:*.avi=01;35:*.fli=01;35:*.flv=01;35:*.gl=01;35:*.dl=01;35:*.xcf=01;35:*.xwd=01;35:*.yuv=01;35:*.cgm=01;35:*.emf=01;35:*.ogv=01;35:*.ogx=01;35:*.aac=00;36:*.au=00;36:*.flac=00;36:*.m4a=00;36:*.mid=00;36:*.midi=00;36:*.mka=00;36:*.mp3=00;36:*.mpc=00;36:*.ogg=00;36:*.ra=00;36:*.wav=00;36:*.oga=00;36:*.opus=00;36:*.spx=00;36:*.xspf=00;36:', 'VSCODE_GIT_IPC_HANDLE': '/run/user/1000/vscode-git-f5c21ee3f8.sock', 'TERM_PROGRAM': 'vscode', 'AMENT_PREFIX_PATH': '/home/ivan/personal/robotics_ros2/basic_concepts/ros2_ws/install/pubsub_pkg:/opt/ros/humble', 'SHELL': '/bin/bash', 'LESSCLOSE': '/usr/bin/lesspipe %s %s', 'VSCODE_GIT_ASKPASS_EXTRA_ARGS': '', 'PWD': '/home/ivan/personal/robotics_ros2/basic_concepts/ros2_ws/build/pubsub_pkg', 'XDG_DATA_DIRS': '/usr/local/share:/usr/share:/var/lib/snapd/desktop', 'PYTHONPATH': '/home/ivan/personal/robotics_ros2/basic_concepts/ros2_ws/build/pubsub_pkg/prefix_override:/usr/lib/python3/dist-packages/colcon_core/task/python/colcon_distutils_commands:/home/ivan/personal/robotics_ros2/basic_concepts/ros2_ws/install/pubsub_pkg/lib/python3.10/site-packages:/home/ivan/personal/robotics_ros2/basic_concepts/ros2_ws/install/pubsub_pkg/lib/python3.10/site-packages:/opt/ros/humble/lib/python3.10/site-packages:/opt/ros/humble/local/lib/python3.10/dist-packages', 'COLCON': '1', 'WSL2_GUI_APPS_ENABLED': '1', 'HOSTTYPE': 'x86_64', 'WSLENV': 'VSCODE_WSL_EXT_LOCATION/up'}, 'shell': False}
[0.904468] (-) TimerEvent: {}
[1.005236] (-) TimerEvent: {}
[1.107137] (-) TimerEvent: {}
[1.113439] (pubsub_interfaces) StdoutLine: {'line': b'-- Using all available rosidl_typesupport_cpp: rosidl_typesupport_fastrtps_cpp;rosidl_typesupport_introspection_cpp\n'}
[1.145004] (pubsub_interfaces) StdoutLine: {'line': b'-- Found python_cmake_module: 0.10.0 (/opt/ros/humble/share/python_cmake_module/cmake)\n'}
[1.162960] (pubsub_pkg) StdoutLine: {'line': b'running egg_info\n'}
[1.163659] (pubsub_pkg) StdoutLine: {'line': b'writing ../../build/pubsub_pkg/pubsub_pkg.egg-info/PKG-INFO\n'}
[1.163889] (pubsub_pkg) StdoutLine: {'line': b'writing dependency_links to ../../build/pubsub_pkg/pubsub_pkg.egg-info/dependency_links.txt\n'}
[1.164433] (pubsub_pkg) StdoutLine: {'line': b'writing entry points to ../../build/pubsub_pkg/pubsub_pkg.egg-info/entry_points.txt\n'}
[1.164835] (pubsub_pkg) StdoutLine: {'line': b'writing requirements to ../../build/pubsub_pkg/pubsub_pkg.egg-info/requires.txt\n'}
[1.164958] (pubsub_pkg) StdoutLine: {'line': b'writing top-level names to ../../build/pubsub_pkg/pubsub_pkg.egg-info/top_level.txt\n'}
[1.167672] (pubsub_pkg) StdoutLine: {'line': b"reading manifest file '../../build/pubsub_pkg/pubsub_pkg.egg-info/SOURCES.txt'\n"}
[1.168789] (pubsub_pkg) StdoutLine: {'line': b"writing manifest file '../../build/pubsub_pkg/pubsub_pkg.egg-info/SOURCES.txt'\n"}
[1.169064] (pubsub_pkg) StdoutLine: {'line': b'running build\n'}
[1.169251] (pubsub_pkg) StdoutLine: {'line': b'running build_py\n'}
[1.169540] (pubsub_pkg) StdoutLine: {'line': b'running install\n'}
[1.169665] (pubsub_pkg) StdoutLine: {'line': b'running install_lib\n'}
[1.170091] (pubsub_img_pkg) StdoutLine: {'line': b'running egg_info\n'}
[1.170989] (pubsub_pkg) StdoutLine: {'line': b'running install_data\n'}
[1.171166] (pubsub_pkg) StdoutLine: {'line': b'running install_egg_info\n'}
[1.171432] (pubsub_img_pkg) StdoutLine: {'line': b'writing ../../build/pubsub_img_pkg/pubsub_img_pkg.egg-info/PKG-INFO\n'}
[1.172436] (pubsub_img_pkg) StdoutLine: {'line': b'writing dependency_links to ../../build/pubsub_img_pkg/pubsub_img_pkg.egg-info/dependency_links.txt\n'}
[1.173519] (pubsub_pkg) StdoutLine: {'line': b"removing '/home/ivan/personal/robotics_ros2/basic_concepts/ros2_ws/install/pubsub_pkg/lib/python3.10/site-packages/pubsub_pkg-0.0.0-py3.10.egg-info' (and everything under it)\n"}
[1.174107] (pubsub_img_pkg) StdoutLine: {'line': b'writing entry points to ../../build/pubsub_img_pkg/pubsub_img_pkg.egg-info/entry_points.txt\n'}
[1.174369] (pubsub_img_pkg) StdoutLine: {'line': b'writing requirements to ../../build/pubsub_img_pkg/pubsub_img_pkg.egg-info/requires.txt\n'}
[1.174527] (pubsub_img_pkg) StdoutLine: {'line': b'writing top-level names to ../../build/pubsub_img_pkg/pubsub_img_pkg.egg-info/top_level.txt\n'}
[1.174676] (pubsub_pkg) StdoutLine: {'line': b'Copying ../../build/pubsub_pkg/pubsub_pkg.egg-info to /home/ivan/personal/robotics_ros2/basic_concepts/ros2_ws/install/pubsub_pkg/lib/python3.10/site-packages/pubsub_pkg-0.0.0-py3.10.egg-info\n'}
[1.176290] (pubsub_interfaces) StdoutLine: {'line': b'-- Using PYTHON_EXECUTABLE: /usr/bin/python3\n'}
[1.176490] (pubsub_interfaces) StdoutLine: {'line': b'-- Using PYTHON_INCLUDE_DIRS: /usr/include/python3.10\n'}
[1.176556] (pubsub_interfaces) StdoutLine: {'line': b'-- Using PYTHON_LIBRARIES: /usr/lib/x86_64-linux-gnu/libpython3.10.so\n'}
[1.177222] (pubsub_pkg) StdoutLine: {'line': b'running install_scripts\n'}
[1.178151] (pubsub_img_pkg) StdoutLine: {'line': b"reading manifest file '../../build/pubsub_img_pkg/pubsub_img_pkg.egg-info/SOURCES.txt'\n"}
[1.179364] (pubsub_img_pkg) StdoutLine: {'line': b"writing manifest file '../../build/pubsub_img_pkg/pubsub_img_pkg.egg-info/SOURCES.txt'\n"}
[1.179892] (pubsub_img_pkg) StdoutLine: {'line': b'running build\n'}
[1.179967] (pubsub_img_pkg) StdoutLine: {'line': b'running build_py\n'}
[1.180009] (pubsub_img_pkg) StdoutLine: {'line': b'copying pubsub_img_pkg/subscriber.py -> /home/ivan/personal/robotics_ros2/basic_concepts/ros2_ws/build/pubsub_img_pkg/build/lib/pubsub_img_pkg\n'}
[1.180744] (pubsub_img_pkg) StdoutLine: {'line': b'running install\n'}
[1.181374] (pubsub_img_pkg) StdoutLine: {'line': b'running install_lib\n'}
[1.181865] (pubsub_img_pkg) StdoutLine: {'line': b'copying /home/ivan/personal/robotics_ros2/basic_concepts/ros2_ws/build/pubsub_img_pkg/build/lib/pubsub_img_pkg/subscriber.py -> /home/ivan/personal/robotics_ros2/basic_concepts/ros2_ws/install/pubsub_img_pkg/lib/python3.10/site-packages/pubsub_img_pkg\n'}
[1.182469] (pubsub_img_pkg) StdoutLine: {'line': b'byte-compiling /home/ivan/personal/robotics_ros2/basic_concepts/ros2_ws/install/pubsub_img_pkg/lib/python3.10/site-packages/pubsub_img_pkg/subscriber.py to subscriber.cpython-310.pyc\n'}
[1.183253] (pubsub_img_pkg) StdoutLine: {'line': b'running install_data\n'}
[1.183470] (pubsub_img_pkg) StdoutLine: {'line': b'running install_egg_info\n'}
[1.185251] (pubsub_img_pkg) StdoutLine: {'line': b"removing '/home/ivan/personal/robotics_ros2/basic_concepts/ros2_ws/install/pubsub_img_pkg/lib/python3.10/site-packages/pubsub_img_pkg-0.0.0-py3.10.egg-info' (and everything under it)\n"}
[1.185918] (pubsub_img_pkg) StdoutLine: {'line': b'Copying ../../build/pubsub_img_pkg/pubsub_img_pkg.egg-info to /home/ivan/personal/robotics_ros2/basic_concepts/ros2_ws/install/pubsub_img_pkg/lib/python3.10/site-packages/pubsub_img_pkg-0.0.0-py3.10.egg-info\n'}
[1.187746] (pubsub_img_pkg) StdoutLine: {'line': b'running install_scripts\n'}
[1.200537] (pubsub_pkg) StdoutLine: {'line': b'Installing number_publisher script to /home/ivan/personal/robotics_ros2/basic_concepts/ros2_ws/install/pubsub_pkg/lib/pubsub_pkg\n'}
[1.201160] (pubsub_pkg) StdoutLine: {'line': b'Installing number_subscriber script to /home/ivan/personal/robotics_ros2/basic_concepts/ros2_ws/install/pubsub_pkg/lib/pubsub_pkg\n'}
[1.201327] (pubsub_pkg) StdoutLine: {'line': b"writing list of installed files to '/home/ivan/personal/robotics_ros2/basic_concepts/ros2_ws/build/pubsub_pkg/install.log'\n"}
[1.207319] (-) TimerEvent: {}
[1.210947] (pubsub_interfaces) StdoutLine: {'line': b'-- Configuring done\n'}
[1.212645] (pubsub_img_pkg) StdoutLine: {'line': b'Installing image_publisher script to /home/ivan/personal/robotics_ros2/basic_concepts/ros2_ws/install/pubsub_img_pkg/lib/pubsub_img_pkg\n'}
[1.212996] (pubsub_img_pkg) StdoutLine: {'line': b'Installing image_subscriber script to /home/ivan/personal/robotics_ros2/basic_concepts/ros2_ws/install/pubsub_img_pkg/lib/pubsub_img_pkg\n'}
[1.213561] (pubsub_img_pkg) StdoutLine: {'line': b"writing list of installed files to '/home/ivan/personal/robotics_ros2/basic_concepts/ros2_ws/build/pubsub_img_pkg/install.log'\n"}
[1.240084] (pubsub_pkg) CommandEnded: {'returncode': 0}
[1.252469] (pubsub_pkg) JobEnded: {'identifier': 'pubsub_pkg', 'rc': 0}
[1.255180] (pubsub_img_pkg) CommandEnded: {'returncode': 0}
[1.266591] (pubsub_img_pkg) JobEnded: {'identifier': 'pubsub_img_pkg', 'rc': 0}
[1.268106] (pubsub_interfaces) StdoutLine: {'line': b'-- Generating done\n'}
[1.283815] (pubsub_interfaces) StdoutLine: {'line': b'-- Build files have been written to: /home/ivan/personal/robotics_ros2/basic_concepts/ros2_ws/build/pubsub_interfaces\n'}
[1.307759] (-) TimerEvent: {}
[1.308289] (pubsub_interfaces) StdoutLine: {'line': b'[  2%] \x1b[34m\x1b[1mGenerating C code for ROS interfaces\x1b[0m\n'}
[1.321932] (pubsub_interfaces) StdoutLine: {'line': b'[  5%] \x1b[34m\x1b[1mGenerating C++ code for ROS interfaces\x1b[0m\n'}
[1.336599] (pubsub_interfaces) StdoutLine: {'line': b'[  5%] Built target ament_cmake_python_copy_pubsub_interfaces\n'}
[1.408472] (-) TimerEvent: {}
[1.509135] (-) TimerEvent: {}
[1.609917] (-) TimerEvent: {}
[1.657856] (pubsub_interfaces) StdoutLine: {'line': b'[  5%] Built target pubsub_interfaces__cpp\n'}
[1.668147] (pubsub_interfaces) StdoutLine: {'line': b'[  7%] \x1b[34m\x1b[1mGenerating C++ introspection for ROS interfaces\x1b[0m\n'}
[1.670409] (pubsub_interfaces) StdoutLine: {'line': b'[ 10%] \x1b[34m\x1b[1mGenerating C++ type support for eProsima Fast-RTPS\x1b[0m\n'}
[1.670908] (pubsub_interfaces) StdoutLine: {'line': b'[ 12%] \x1b[34m\x1b[1mGenerating C++ type support dispatch for ROS interfaces\x1b[0m\n'}
[1.691533] (pubsub_interfaces) StdoutLine: {'line': b'running egg_info\n'}
[1.693074] (pubsub_interfaces) StdoutLine: {'line': b'writing pubsub_interfaces.egg-info/PKG-INFO\n'}
[1.693521] (pubsub_interfaces) StdoutLine: {'line': b'writing dependency_links to pubsub_interfaces.egg-info/dependency_links.txt\n'}
[1.693851] (pubsub_interfaces) StdoutLine: {'line': b'writing top-level names to pubsub_interfaces.egg-info/top_level.txt\n'}
[1.697873] (pubsub_interfaces) StdoutLine: {'line': b"reading manifest file 'pubsub_interfaces.egg-info/SOURCES.txt'\n"}
[1.699846] (pubsub_interfaces) StdoutLine: {'line': b"writing manifest file 'pubsub_interfaces.egg-info/SOURCES.txt'\n"}
[1.710435] (-) TimerEvent: {}
[1.730369] (pubsub_interfaces) StdoutLine: {'line': b'\x1b[35m\x1b[1mConsolidate compiler generated dependencies of target pubsub_interfaces__rosidl_generator_c\x1b[0m\n'}
[1.743442] (pubsub_interfaces) StdoutLine: {'line': b'[ 12%] Built target ament_cmake_python_build_pubsub_interfaces_egg\n'}
[1.749454] (pubsub_interfaces) StdoutLine: {'line': b'[ 17%] \x1b[32mBuilding C object CMakeFiles/pubsub_interfaces__rosidl_generator_c.dir/rosidl_generator_c/pubsub_interfaces/msg/detail/hardware_status__functions.c.o\x1b[0m\n'}
[1.749861] (pubsub_interfaces) StdoutLine: {'line': b'[ 17%] \x1b[32mBuilding C object CMakeFiles/pubsub_interfaces__rosidl_generator_c.dir/rosidl_generator_c/pubsub_interfaces/msg/detail/turtle_pose__functions.c.o\x1b[0m\n'}
[1.810916] (-) TimerEvent: {}
[1.911573] (-) TimerEvent: {}
[1.914809] (pubsub_interfaces) StdoutLine: {'line': b'[ 20%] \x1b[32m\x1b[1mLinking C shared library libpubsub_interfaces__rosidl_generator_c.so\x1b[0m\n'}
[1.976358] (pubsub_interfaces) StdoutLine: {'line': b'\x1b[35m\x1b[1mConsolidate compiler generated dependencies of target pubsub_interfaces__rosidl_typesupport_cpp\x1b[0m\n'}
[1.993121] (pubsub_interfaces) StdoutLine: {'line': b'[ 23%] \x1b[32mBuilding CXX object CMakeFiles/pubsub_interfaces__rosidl_typesupport_cpp.dir/rosidl_typesupport_cpp/pubsub_interfaces/msg/turtle_pose__type_support.cpp.o\x1b[0m\n'}
[1.993470] (pubsub_interfaces) StdoutLine: {'line': b'[ 25%] \x1b[32mBuilding CXX object CMakeFiles/pubsub_interfaces__rosidl_typesupport_cpp.dir/rosidl_typesupport_cpp/pubsub_interfaces/msg/hardware_status__type_support.cpp.o\x1b[0m\n'}
[2.012055] (-) TimerEvent: {}
[2.014455] (pubsub_interfaces) StdoutLine: {'line': b'\x1b[35m\x1b[1mConsolidate compiler generated dependencies of target pubsub_interfaces__rosidl_typesupport_introspection_cpp\x1b[0m\n'}
[2.033189] (pubsub_interfaces) StdoutLine: {'line': b'[ 30%] \x1b[32mBuilding CXX object CMakeFiles/pubsub_interfaces__rosidl_typesupport_introspection_cpp.dir/rosidl_typesupport_introspection_cpp/pubsub_interfaces/msg/detail/hardware_status__type_support.cpp.o\x1b[0m\n'}
[2.033487] (pubsub_interfaces) StdoutLine: {'line': b'[ 30%] \x1b[32mBuilding CXX object CMakeFiles/pubsub_interfaces__rosidl_typesupport_introspection_cpp.dir/rosidl_typesupport_introspection_cpp/pubsub_interfaces/msg/detail/turtle_pose__type_support.cpp.o\x1b[0m\n'}
[2.033725] (pubsub_interfaces) StdoutLine: {'line': b'[ 30%] Built target pubsub_interfaces__rosidl_generator_c\n'}
[2.048441] (pubsub_interfaces) StdoutLine: {'line': b'\x1b[35m\x1b[1mConsolidate compiler generated dependencies of target pubsub_interfaces__rosidl_typesupport_fastrtps_cpp\x1b[0m\n'}
[2.049013] (pubsub_interfaces) StdoutLine: {'line': b'[ 33%] \x1b[34m\x1b[1mGenerating C type support for eProsima Fast-RTPS\x1b[0m\n'}
[2.050699] (pubsub_interfaces) StdoutLine: {'line': b'[ 38%] \x1b[34m\x1b[1mGenerating C introspection for ROS interfaces\x1b[0m\n'}
[2.051007] (pubsub_interfaces) StdoutLine: {'line': b'[ 38%] \x1b[34m\x1b[1mGenerating C type support dispatch for ROS interfaces\x1b[0m\n'}
[2.068764] (pubsub_interfaces) StdoutLine: {'line': b'[ 41%] \x1b[32mBuilding CXX object CMakeFiles/pubsub_interfaces__rosidl_typesupport_fastrtps_cpp.dir/rosidl_typesupport_fastrtps_cpp/pubsub_interfaces/msg/detail/dds_fastrtps/hardware_status__type_support.cpp.o\x1b[0m\n'}
[2.069461] (pubsub_interfaces) StdoutLine: {'line': b'[ 43%] \x1b[32mBuilding CXX object CMakeFiles/pubsub_interfaces__rosidl_typesupport_fastrtps_cpp.dir/rosidl_typesupport_fastrtps_cpp/pubsub_interfaces/msg/detail/dds_fastrtps/turtle_pose__type_support.cpp.o\x1b[0m\n'}
[2.112505] (-) TimerEvent: {}
[2.213159] (-) TimerEvent: {}
[2.313780] (-) TimerEvent: {}
[2.414230] (-) TimerEvent: {}
[2.515078] (-) TimerEvent: {}
[2.615641] (-) TimerEvent: {}
[2.619887] (pubsub_interfaces) StdoutLine: {'line': b'\x1b[35m\x1b[1mConsolidate compiler generated dependencies of target pubsub_interfaces__rosidl_typesupport_c\x1b[0m\n'}
[2.634984] (pubsub_interfaces) StdoutLine: {'line': b'\x1b[35m\x1b[1mConsolidate compiler generated dependencies of target pubsub_interfaces__rosidl_typesupport_introspection_c\x1b[0m\n'}
[2.639963] (pubsub_interfaces) StdoutLine: {'line': b'[ 46%] \x1b[32mBuilding CXX object CMakeFiles/pubsub_interfaces__rosidl_typesupport_c.dir/rosidl_typesupport_c/pubsub_interfaces/msg/hardware_status__type_support.cpp.o\x1b[0m\n'}
[2.648575] (pubsub_interfaces) StdoutLine: {'line': b'[ 48%] \x1b[32mBuilding CXX object CMakeFiles/pubsub_interfaces__rosidl_typesupport_c.dir/rosidl_typesupport_c/pubsub_interfaces/msg/turtle_pose__type_support.cpp.o\x1b[0m\n'}
[2.655113] (pubsub_interfaces) StdoutLine: {'line': b'\x1b[35m\x1b[1mConsolidate compiler generated dependencies of target pubsub_interfaces__rosidl_typesupport_fastrtps_c\x1b[0m\n'}
[2.657442] (pubsub_interfaces) StdoutLine: {'line': b'[ 51%] \x1b[32mBuilding C object CMakeFiles/pubsub_interfaces__rosidl_typesupport_introspection_c.dir/rosidl_typesupport_introspection_c/pubsub_interfaces/msg/detail/hardware_status__type_support.c.o\x1b[0m\n'}
[2.662978] (pubsub_interfaces) StdoutLine: {'line': b'[ 53%] \x1b[32mBuilding C object CMakeFiles/pubsub_interfaces__rosidl_typesupport_introspection_c.dir/rosidl_typesupport_introspection_c/pubsub_interfaces/msg/detail/turtle_pose__type_support.c.o\x1b[0m\n'}
[2.698511] (pubsub_interfaces) StdoutLine: {'line': b'[ 56%] \x1b[32mBuilding CXX object CMakeFiles/pubsub_interfaces__rosidl_typesupport_fastrtps_c.dir/rosidl_typesupport_fastrtps_c/pubsub_interfaces/msg/detail/turtle_pose__type_support_c.cpp.o\x1b[0m\n'}
[2.707309] (pubsub_interfaces) StdoutLine: {'line': b'[ 58%] \x1b[32mBuilding CXX object CMakeFiles/pubsub_interfaces__rosidl_typesupport_fastrtps_c.dir/rosidl_typesupport_fastrtps_c/pubsub_interfaces/msg/detail/hardware_status__type_support_c.cpp.o\x1b[0m\n'}
[2.715951] (-) TimerEvent: {}
[2.816504] (-) TimerEvent: {}
[2.891006] (pubsub_interfaces) StdoutLine: {'line': b'[ 61%] \x1b[32m\x1b[1mLinking C shared library libpubsub_interfaces__rosidl_typesupport_introspection_c.so\x1b[0m\n'}
[2.916771] (-) TimerEvent: {}
[3.017441] (-) TimerEvent: {}
[3.118665] (-) TimerEvent: {}
[3.220648] (-) TimerEvent: {}
[3.322200] (-) TimerEvent: {}
[3.423638] (-) TimerEvent: {}
[3.524617] (-) TimerEvent: {}
[3.625930] (-) TimerEvent: {}
[3.726570] (-) TimerEvent: {}
[3.757016] (pubsub_interfaces) StdoutLine: {'line': b'[ 61%] Built target pubsub_interfaces__rosidl_typesupport_introspection_c\n'}
[3.826991] (-) TimerEvent: {}
[3.928556] (-) TimerEvent: {}
[4.030545] (-) TimerEvent: {}
[4.092522] (pubsub_interfaces) StdoutLine: {'line': b'[ 64%] \x1b[32m\x1b[1mLinking CXX shared library libpubsub_interfaces__rosidl_typesupport_c.so\x1b[0m\n'}
[4.095131] (pubsub_interfaces) StdoutLine: {'line': b'[ 66%] \x1b[32m\x1b[1mLinking CXX shared library libpubsub_interfaces__rosidl_typesupport_cpp.so\x1b[0m\n'}
[4.099321] (pubsub_interfaces) StdoutLine: {'line': b'[ 69%] \x1b[32m\x1b[1mLinking CXX shared library libpubsub_interfaces__rosidl_typesupport_introspection_cpp.so\x1b[0m\n'}
[4.113013] (pubsub_interfaces) StdoutLine: {'line': b'[ 71%] \x1b[32m\x1b[1mLinking CXX shared library libpubsub_interfaces__rosidl_typesupport_fastrtps_c.so\x1b[0m\n'}
[4.113771] (pubsub_interfaces) StdoutLine: {'line': b'[ 74%] \x1b[32m\x1b[1mLinking CXX shared library libpubsub_interfaces__rosidl_typesupport_fastrtps_cpp.so\x1b[0m\n'}
[4.130933] (-) TimerEvent: {}
[4.190880] (pubsub_interfaces) StdoutLine: {'line': b'[ 74%] Built target pubsub_interfaces__rosidl_typesupport_cpp\n'}
[4.196334] (pubsub_interfaces) StdoutLine: {'line': b'[ 74%] Built target pubsub_interfaces__rosidl_typesupport_c\n'}
[4.231216] (-) TimerEvent: {}
[4.240852] (pubsub_interfaces) StdoutLine: {'line': b'[ 74%] Built target pubsub_interfaces__rosidl_typesupport_introspection_cpp\n'}
[4.273018] (pubsub_interfaces) StdoutLine: {'line': b'[ 74%] Built target pubsub_interfaces__rosidl_typesupport_fastrtps_cpp\n'}
[4.278361] (pubsub_interfaces) StdoutLine: {'line': b'[ 74%] Built target pubsub_interfaces__rosidl_typesupport_fastrtps_c\n'}
[4.297545] (pubsub_interfaces) StdoutLine: {'line': b'[ 74%] Built target pubsub_interfaces\n'}
[4.316680] (pubsub_interfaces) StdoutLine: {'line': b'[ 76%] \x1b[34m\x1b[1mGenerating Python code for ROS interfaces\x1b[0m\n'}
[4.331676] (-) TimerEvent: {}
[4.432402] (-) TimerEvent: {}
[4.535230] (-) TimerEvent: {}
[4.632293] (pubsub_interfaces) StdoutLine: {'line': b'[ 76%] Built target pubsub_interfaces__py\n'}
[4.635459] (-) TimerEvent: {}
[4.641615] (pubsub_interfaces) StdoutLine: {'line': b'\x1b[35m\x1b[1mConsolidate compiler generated dependencies of target pubsub_interfaces__rosidl_generator_py\x1b[0m\n'}
[4.655645] (pubsub_interfaces) StdoutLine: {'line': b'[ 82%] \x1b[32mBuilding C object CMakeFiles/pubsub_interfaces__rosidl_generator_py.dir/rosidl_generator_py/pubsub_interfaces/msg/_turtle_pose_s.c.o\x1b[0m\n'}
[4.656044] (pubsub_interfaces) StdoutLine: {'line': b'[ 82%] \x1b[32mBuilding C object CMakeFiles/pubsub_interfaces__rosidl_generator_py.dir/rosidl_generator_py/pubsub_interfaces/msg/_hardware_status_s.c.o\x1b[0m\n'}
[4.735718] (-) TimerEvent: {}
[4.810706] (pubsub_interfaces) StdoutLine: {'line': b'[ 84%] \x1b[32m\x1b[1mLinking C shared library rosidl_generator_py/pubsub_interfaces/libpubsub_interfaces__rosidl_generator_py.so\x1b[0m\n'}
[4.835897] (-) TimerEvent: {}
[4.899930] (pubsub_interfaces) StdoutLine: {'line': b'[ 84%] Built target pubsub_interfaces__rosidl_generator_py\n'}
[4.908748] (pubsub_interfaces) StdoutLine: {'line': b'\x1b[35m\x1b[1mConsolidate compiler generated dependencies of target pubsub_interfaces__rosidl_typesupport_fastrtps_c__pyext\x1b[0m\n'}
[4.908994] (pubsub_interfaces) StdoutLine: {'line': b'\x1b[35m\x1b[1mConsolidate compiler generated dependencies of target pubsub_interfaces__rosidl_typesupport_introspection_c__pyext\x1b[0m\n'}
[4.911590] (pubsub_interfaces) StdoutLine: {'line': b'\x1b[35m\x1b[1mConsolidate compiler generated dependencies of target pubsub_interfaces__rosidl_typesupport_c__pyext\x1b[0m\n'}
[4.921213] (pubsub_interfaces) StdoutLine: {'line': b'[ 87%] \x1b[32mBuilding C object CMakeFiles/pubsub_interfaces__rosidl_typesupport_introspection_c__pyext.dir/rosidl_generator_py/pubsub_interfaces/_pubsub_interfaces_s.ep.rosidl_typesupport_introspection_c.c.o\x1b[0m\n'}
[4.923909] (pubsub_interfaces) StdoutLine: {'line': b'[ 89%] \x1b[32mBuilding C object CMakeFiles/pubsub_interfaces__rosidl_typesupport_c__pyext.dir/rosidl_generator_py/pubsub_interfaces/_pubsub_interfaces_s.ep.rosidl_typesupport_c.c.o\x1b[0m\n'}
[4.924776] (pubsub_interfaces) StdoutLine: {'line': b'[ 92%] \x1b[32mBuilding C object CMakeFiles/pubsub_interfaces__rosidl_typesupport_fastrtps_c__pyext.dir/rosidl_generator_py/pubsub_interfaces/_pubsub_interfaces_s.ep.rosidl_typesupport_fastrtps_c.c.o\x1b[0m\n'}
[4.936107] (-) TimerEvent: {}
[5.023940] (pubsub_interfaces) StdoutLine: {'line': b'[ 94%] \x1b[32m\x1b[1mLinking C shared library rosidl_generator_py/pubsub_interfaces/pubsub_interfaces_s__rosidl_typesupport_introspection_c.cpython-310-x86_64-linux-gnu.so\x1b[0m\n'}
[5.025720] (pubsub_interfaces) StdoutLine: {'line': b'[ 97%] \x1b[32m\x1b[1mLinking C shared library rosidl_generator_py/pubsub_interfaces/pubsub_interfaces_s__rosidl_typesupport_c.cpython-310-x86_64-linux-gnu.so\x1b[0m\n'}
[5.036336] (-) TimerEvent: {}
[5.038466] (pubsub_interfaces) StdoutLine: {'line': b'[100%] \x1b[32m\x1b[1mLinking C shared library rosidl_generator_py/pubsub_interfaces/pubsub_interfaces_s__rosidl_typesupport_fastrtps_c.cpython-310-x86_64-linux-gnu.so\x1b[0m\n'}
[5.087194] (pubsub_interfaces) StdoutLine: {'line': b'[100%] Built target pubsub_interfaces__rosidl_typesupport_introspection_c__pyext\n'}
[5.087710] (pubsub_interfaces) StdoutLine: {'line': b'[100%] Built target pubsub_interfaces__rosidl_typesupport_c__pyext\n'}
[5.115070] (pubsub_interfaces) StdoutLine: {'line': b'[100%] Built target pubsub_interfaces__rosidl_typesupport_fastrtps_c__pyext\n'}
[5.125453] (pubsub_interfaces) CommandEnded: {'returncode': 0}
[5.127152] (pubsub_interfaces) JobProgress: {'identifier': 'pubsub_interfaces', 'progress': 'install'}
[5.133121] (pubsub_interfaces) Command: {'cmd': ['/usr/bin/cmake', '--install', '/home/ivan/personal/robotics_ros2/basic_concepts/ros2_ws/build/pubsub_interfaces'], 'cwd': '/home/ivan/personal/robotics_ros2/basic_concepts/ros2_ws/build/pubsub_interfaces', 'env': OrderedDict([('PYTHON_BASIC_REPL', '1'), ('LESSOPEN', '| /usr/bin/lesspipe %s'), ('USER', 'ivan'), ('GIT_ASKPASS', '/home/ivan/.vscode-server/bin/03c265b1adee71ac88f833e065f7bb956b60550a/extensions/git/dist/askpass.sh'), ('SHLVL', '1'), ('LD_LIBRARY_PATH', '/usr/lib/x86_64-linux-gnu/gazebo-11/plugins:/opt/ros/humble/opt/rviz_ogre_vendor/lib:/opt/ros/humble/lib/x86_64-linux-gnu:/opt/ros/humble/lib'), ('MOTD_SHOWN', 'update-motd'), ('HOME', '/home/ivan'), ('OLDPWD', '/home/ivan/personal/robotics_ros2/basic_concepts/ros2_ws/src'), ('TERM_PROGRAM_VERSION', '1.105.0'), ('VSCODE_IPC_HOOK_CLI', '/run/user/1000/vscode-ipc-675c3a9c-43a3-4d8b-9d2a-8808d58fabfd.sock'), ('ROS_PYTHON_VERSION', '3'), ('VSCODE_GIT_ASKPASS_MAIN', '/home/ivan/.vscode-server/bin/03c265b1adee71ac88f833e065f7bb956b60550a/extensions/git/dist/askpass-main.js'), ('VSCODE_GIT_ASKPASS_NODE', '/home/ivan/.vscode-server/bin/03c265b1adee71ac88f833e065f7bb956b60550a/node'), ('PYDEVD_DISABLE_FILE_VALIDATION', '1'), ('BUNDLED_DEBUGPY_PATH', '/home/ivan/.vscode-server/extensions/ms-python.debugpy-2025.14.1-linux-x64/bundled/libs/debugpy'), ('VSCODE_PYTHON_AUTOACTIVATE_GUARD', '1'), ('DBUS_SESSION_BUS_ADDRESS', 'unix:path=/run/user/1000/bus'), ('COLORTERM', 'truecolor'), ('WSL_DISTRO_NAME', 'Ubuntu-22.04'), ('WAYLAND_DISPLAY', 'wayland-0'), ('COLCON_PREFIX_PATH', '/home/ivan/personal/robotics_ros2/basic_concepts/ros2_ws/install'), ('ROS_DISTRO', 'humble'), ('LOGNAME', 'ivan'), ('NAME', 'ivan'), ('WSL_INTEROP', '/run/WSL/653400_interop'), ('PULSE_SERVER', 'unix:/mnt/wslg/PulseServer'), ('_', '/usr/bin/colcon'), ('ROS_VERSION', '2'), ('TERM', 'xterm-256color'), ('ROS_LOCALHOST_ONLY', '0'), ('PATH', '/opt/ros/humble/bin:/home/ivan/.vscode-server/bin/03c265b1adee71ac88f833e065f7bb956b60550a/bin/remote-cli:/home/ivan/.local/bin:/usr/local/sbin:/usr/local/bin:/usr/sbin:/usr/bin:/sbin:/bin:/usr/games:/usr/local/games:/usr/lib/wsl/lib:/mnt/c/WINDOWS/system32:/mnt/c/WINDOWS:/mnt/c/WINDOWS/System32/Wbem:/mnt/c/WINDOWS/System32/WindowsPowerShell/v1.0/:/mnt/c/WINDOWS/System32/OpenSSH/:/mnt/c/Program Files/Docker/Docker/resources/bin:/mnt/c/Program Files/usbipd-win/usbpid.exe:/mnt/c/Program Files/usbipd-win/:/mnt/c/Program Files/Git/cmd:/mnt/c/Users/ivanr/AppData/Local/Microsoft/WindowsApps:/mnt/c/Users/ivanr/AppData/Local/Programs/Microsoft VS Code/bin:/mnt/c/Program Files/usbipd-win:/mnt/c/Users/ivanr/AppData/Local/GitHubDesktop/bin:/snap/bin:/home/ivan/.vscode-server/extensions/ms-python.debugpy-2025.14.1-linux-x64/bundled/scripts/noConfigScripts'), ('XDG_RUNTIME_DIR', '/run/user/1000/'), ('DISPLAY', ':0'), ('VSCODE_DEBUGPY_ADAPTER_ENDPOINTS', '/home/ivan/.vscode-server/extensions/ms-python.debugpy-2025.14.1-linux-x64/.noConfigDebugAdapterEndpoints/endpoint-c19a3edb7b97d236.txt'), ('LANG', 'en_US.UTF-8'), ('PYTHONSTARTUP', '/home/ivan/.vscode-server/data/User/workspaceStorage/00d32fe8668f0231a37c304db2c235a6/ms-python.python/pythonrc.py'), ('LS_COLORS', 'rs=0:di=01;34:ln=01;36:mh=00:pi=40;33:so=01;35:do=01;35:bd=40;33;01:cd=40;33;01:or=40;31;01:mi=00:su=37;41:sg=30;43:ca=30;41:tw=30;42:ow=34;42:st=37;44:ex=01;32:*.tar=01;31:*.tgz=01;31:*.arc=01;31:*.arj=01;31:*.taz=01;31:*.lha=01;31:*.lz4=01;31:*.lzh=01;31:*.lzma=01;31:*.tlz=01;31:*.txz=01;31:*.tzo=01;31:*.t7z=01;31:*.zip=01;31:*.z=01;31:*.dz=01;31:*.gz=01;31:*.lrz=01;31:*.lz=01;31:*.lzo=01;31:*.xz=01;31:*.zst=01;31:*.tzst=01;31:*.bz2=01;31:*.bz=01;31:*.tbz=01;31:*.tbz2=01;31:*.tz=01;31:*.deb=01;31:*.rpm=01;31:*.jar=01;31:*.war=01;31:*.ear=01;31:*.sar=01;31:*.rar=01;31:*.alz=01;31:*.ace=01;31:*.zoo=01;31:*.cpio=01;31:*.7z=01;31:*.rz=01;31:*.cab=01;31:*.wim=01;31:*.swm=01;31:*.dwm=01;31:*.esd=01;31:*.jpg=01;35:*.jpeg=01;35:*.mjpg=01;35:*.mjpeg=01;35:*.gif=01;35:*.bmp=01;35:*.pbm=01;35:*.pgm=01;35:*.ppm=01;35:*.tga=01;35:*.xbm=01;35:*.xpm=01;35:*.tif=01;35:*.tiff=01;35:*.png=01;35:*.svg=01;35:*.svgz=01;35:*.mng=01;35:*.pcx=01;35:*.mov=01;35:*.mpg=01;35:*.mpeg=01;35:*.m2v=01;35:*.mkv=01;35:*.webm=01;35:*.webp=01;35:*.ogm=01;35:*.mp4=01;35:*.m4v=01;35:*.mp4v=01;35:*.vob=01;35:*.qt=01;35:*.nuv=01;35:*.wmv=01;35:*.asf=01;35:*.rm=01;35:*.rmvb=01;35:*.flc=01;35:*.avi=01;35:*.fli=01;35:*.flv=01;35:*.gl=01;35:*.dl=01;35:*.xcf=01;35:*.xwd=01;35:*.yuv=01;35:*.cgm=01;35:*.emf=01;35:*.ogv=01;35:*.ogx=01;35:*.aac=00;36:*.au=00;36:*.flac=00;36:*.m4a=00;36:*.mid=00;36:*.midi=00;36:*.mka=00;36:*.mp3=00;36:*.mpc=00;36:*.ogg=00;36:*.ra=00;36:*.wav=00;36:*.oga=00;36:*.opus=00;36:*.spx=00;36:*.xspf=00;36:'), ('VSCODE_GIT_IPC_HANDLE', '/run/user/1000/vscode-git-f5c21ee3f8.sock'), ('TERM_PROGRAM', 'vscode'), ('AMENT_PREFIX_PATH', '/home/ivan/personal/robotics_ros2/basic_concepts/ros2_ws/install/pubsub_pkg:/opt/ros/humble'), ('SHELL', '/bin/bash'), ('LESSCLOSE', '/usr/bin/lesspipe %s %s'), ('VSCODE_GIT_ASKPASS_EXTRA_ARGS', ''), ('PWD', '/home/ivan/personal/robotics_ros2/basic_concepts/ros2_ws/build/pubsub_interfaces'), ('XDG_DATA_DIRS', '/usr/local/share:/usr/share:/var/lib/snapd/desktop'), ('PYTHONPATH', '/home/ivan/personal/robotics_ros2/basic_concepts/ros2_ws/install/pubsub_pkg/lib/python3.10/site-packages:/opt/ros/humble/lib/python3.10/site-packages:/opt/ros/humble/local/lib/python3.10/dist-packages'), ('COLCON', '1'), ('WSL2_GUI_APPS_ENABLED', '1'), ('HOSTTYPE', 'x86_64'), ('WSLENV', 'VSCODE_WSL_EXT_LOCATION/up'), ('CMAKE_PREFIX_PATH', '/home/ivan/personal/robotics_ros2/basic_concepts/ros2_ws/install/pubsub_pkg:/opt/ros/humble')]), 'shell': False}
[5.136664] (-) TimerEvent: {}
[5.140074] (pubsub_interfaces) StdoutLine: {'line': b'-- Install configuration: ""\n'}
[5.142047] (pubsub_interfaces) StdoutLine: {'line': b'-- Installing: /home/ivan/personal/robotics_ros2/basic_concepts/ros2_ws/install/pubsub_interfaces/share/ament_index/resource_index/rosidl_interfaces/pubsub_interfaces\n'}
[5.142572] (pubsub_interfaces) StdoutLine: {'line': b'-- Up-to-date: /home/ivan/personal/robotics_ros2/basic_concepts/ros2_ws/install/pubsub_interfaces/include/pubsub_interfaces/pubsub_interfaces\n'}
[5.142830] (pubsub_interfaces) StdoutLine: {'line': b'-- Up-to-date: /home/ivan/personal/robotics_ros2/basic_concepts/ros2_ws/install/pubsub_interfaces/include/pubsub_interfaces/pubsub_interfaces/msg\n'}
[5.142881] (pubsub_interfaces) StdoutLine: {'line': b'-- Up-to-date: /home/ivan/personal/robotics_ros2/basic_concepts/ros2_ws/install/pubsub_interfaces/include/pubsub_interfaces/pubsub_interfaces/msg/detail\n'}
[5.142929] (pubsub_interfaces) StdoutLine: {'line': b'-- Installing: /home/ivan/personal/robotics_ros2/basic_concepts/ros2_ws/install/pubsub_interfaces/include/pubsub_interfaces/pubsub_interfaces/msg/detail/turtle_pose__struct.h\n'}
[5.142998] (pubsub_interfaces) StdoutLine: {'line': b'-- Installing: /home/ivan/personal/robotics_ros2/basic_concepts/ros2_ws/install/pubsub_interfaces/include/pubsub_interfaces/pubsub_interfaces/msg/detail/turtle_pose__functions.c\n'}
[5.143355] (pubsub_interfaces) StdoutLine: {'line': b'-- Installing: /home/ivan/personal/robotics_ros2/basic_concepts/ros2_ws/install/pubsub_interfaces/include/pubsub_interfaces/pubsub_interfaces/msg/detail/hardware_status__struct.h\n'}
[5.143537] (pubsub_interfaces) StdoutLine: {'line': b'-- Installing: /home/ivan/personal/robotics_ros2/basic_concepts/ros2_ws/install/pubsub_interfaces/include/pubsub_interfaces/pubsub_interfaces/msg/detail/hardware_status__functions.c\n'}
[5.143711] (pubsub_interfaces) StdoutLine: {'line': b'-- Installing: /home/ivan/personal/robotics_ros2/basic_concepts/ros2_ws/install/pubsub_interfaces/include/pubsub_interfaces/pubsub_interfaces/msg/detail/turtle_pose__type_support.h\n'}
[5.144342] (pubsub_interfaces) StdoutLine: {'line': b'-- Installing: /home/ivan/personal/robotics_ros2/basic_concepts/ros2_ws/install/pubsub_interfaces/include/pubsub_interfaces/pubsub_interfaces/msg/detail/turtle_pose__functions.h\n'}
[5.144658] (pubsub_interfaces) StdoutLine: {'line': b'-- Installing: /home/ivan/personal/robotics_ros2/basic_concepts/ros2_ws/install/pubsub_interfaces/include/pubsub_interfaces/pubsub_interfaces/msg/detail/hardware_status__functions.h\n'}
[5.145349] (pubsub_interfaces) StdoutLine: {'line': b'-- Installing: /home/ivan/personal/robotics_ros2/basic_concepts/ros2_ws/install/pubsub_interfaces/include/pubsub_interfaces/pubsub_interfaces/msg/detail/hardware_status__type_support.h\n'}
[5.145631] (pubsub_interfaces) StdoutLine: {'line': b'-- Installing: /home/ivan/personal/robotics_ros2/basic_concepts/ros2_ws/install/pubsub_interfaces/include/pubsub_interfaces/pubsub_interfaces/msg/turtle_pose.h\n'}
[5.145921] (pubsub_interfaces) StdoutLine: {'line': b'-- Installing: /home/ivan/personal/robotics_ros2/basic_concepts/ros2_ws/install/pubsub_interfaces/include/pubsub_interfaces/pubsub_interfaces/msg/hardware_status.h\n'}
[5.146170] (pubsub_interfaces) StdoutLine: {'line': b'-- Up-to-date: /home/ivan/personal/robotics_ros2/basic_concepts/ros2_ws/install/pubsub_interfaces/include/pubsub_interfaces/pubsub_interfaces/msg/rosidl_generator_c__visibility_control.h\n'}
[5.146708] (pubsub_interfaces) StdoutLine: {'line': b'-- Up-to-date: /home/ivan/personal/robotics_ros2/basic_concepts/ros2_ws/install/pubsub_interfaces/share/pubsub_interfaces/environment/library_path.sh\n'}
[5.147032] (pubsub_interfaces) StdoutLine: {'line': b'-- Installing: /home/ivan/personal/robotics_ros2/basic_concepts/ros2_ws/install/pubsub_interfaces/share/pubsub_interfaces/environment/library_path.dsv\n'}
[5.147152] (pubsub_interfaces) StdoutLine: {'line': b'-- Installing: /home/ivan/personal/robotics_ros2/basic_concepts/ros2_ws/install/pubsub_interfaces/lib/libpubsub_interfaces__rosidl_generator_c.so\n'}
[5.147260] (pubsub_interfaces) StdoutLine: {'line': b'-- Set runtime path of "/home/ivan/personal/robotics_ros2/basic_concepts/ros2_ws/install/pubsub_interfaces/lib/libpubsub_interfaces__rosidl_generator_c.so" to ""\n'}
[5.147532] (pubsub_interfaces) StdoutLine: {'line': b'-- Up-to-date: /home/ivan/personal/robotics_ros2/basic_concepts/ros2_ws/install/pubsub_interfaces/include/pubsub_interfaces/pubsub_interfaces\n'}
[5.147977] (pubsub_interfaces) StdoutLine: {'line': b'-- Up-to-date: /home/ivan/personal/robotics_ros2/basic_concepts/ros2_ws/install/pubsub_interfaces/include/pubsub_interfaces/pubsub_interfaces/msg\n'}
[5.148120] (pubsub_interfaces) StdoutLine: {'line': b'-- Up-to-date: /home/ivan/personal/robotics_ros2/basic_concepts/ros2_ws/install/pubsub_interfaces/include/pubsub_interfaces/pubsub_interfaces/msg/rosidl_typesupport_fastrtps_c__visibility_control.h\n'}
[5.148329] (pubsub_interfaces) StdoutLine: {'line': b'-- Up-to-date: /home/ivan/personal/robotics_ros2/basic_concepts/ros2_ws/install/pubsub_interfaces/include/pubsub_interfaces/pubsub_interfaces/msg/detail\n'}
[5.148787] (pubsub_interfaces) StdoutLine: {'line': b'-- Installing: /home/ivan/personal/robotics_ros2/basic_concepts/ros2_ws/install/pubsub_interfaces/include/pubsub_interfaces/pubsub_interfaces/msg/detail/turtle_pose__rosidl_typesupport_fastrtps_c.h\n'}
[5.149053] (pubsub_interfaces) StdoutLine: {'line': b'-- Installing: /home/ivan/personal/robotics_ros2/basic_concepts/ros2_ws/install/pubsub_interfaces/include/pubsub_interfaces/pubsub_interfaces/msg/detail/hardware_status__rosidl_typesupport_fastrtps_c.h\n'}
[5.149453] (pubsub_interfaces) StdoutLine: {'line': b'-- Installing: /home/ivan/personal/robotics_ros2/basic_concepts/ros2_ws/install/pubsub_interfaces/lib/libpubsub_interfaces__rosidl_typesupport_fastrtps_c.so\n'}
[5.149837] (pubsub_interfaces) StdoutLine: {'line': b'-- Set runtime path of "/home/ivan/personal/robotics_ros2/basic_concepts/ros2_ws/install/pubsub_interfaces/lib/libpubsub_interfaces__rosidl_typesupport_fastrtps_c.so" to ""\n'}
[5.149993] (pubsub_interfaces) StdoutLine: {'line': b'-- Up-to-date: /home/ivan/personal/robotics_ros2/basic_concepts/ros2_ws/install/pubsub_interfaces/include/pubsub_interfaces/pubsub_interfaces\n'}
[5.150195] (pubsub_interfaces) StdoutLine: {'line': b'-- Up-to-date: /home/ivan/personal/robotics_ros2/basic_concepts/ros2_ws/install/pubsub_interfaces/include/pubsub_interfaces/pubsub_interfaces/msg\n'}
[5.150664] (pubsub_interfaces) StdoutLine: {'line': b'-- Up-to-date: /home/ivan/personal/robotics_ros2/basic_concepts/ros2_ws/install/pubsub_interfaces/include/pubsub_interfaces/pubsub_interfaces/msg/detail\n'}
[5.150893] (pubsub_interfaces) StdoutLine: {'line': b'-- Installing: /home/ivan/personal/robotics_ros2/basic_concepts/ros2_ws/install/pubsub_interfaces/include/pubsub_interfaces/pubsub_interfaces/msg/detail/hardware_status__type_support.c\n'}
[5.151237] (pubsub_interfaces) StdoutLine: {'line': b'-- Installing: /home/ivan/personal/robotics_ros2/basic_concepts/ros2_ws/install/pubsub_interfaces/include/pubsub_interfaces/pubsub_interfaces/msg/detail/turtle_pose__type_support.c\n'}
[5.151667] (pubsub_interfaces) StdoutLine: {'line': b'-- Installing: /home/ivan/personal/robotics_ros2/basic_concepts/ros2_ws/install/pubsub_interfaces/include/pubsub_interfaces/pubsub_interfaces/msg/detail/turtle_pose__rosidl_typesupport_introspection_c.h\n'}
[5.152334] (pubsub_interfaces) StdoutLine: {'line': b'-- Installing: /home/ivan/personal/robotics_ros2/basic_concepts/ros2_ws/install/pubsub_interfaces/include/pubsub_interfaces/pubsub_interfaces/msg/detail/hardware_status__rosidl_typesupport_introspection_c.h\n'}
[5.153049] (pubsub_interfaces) StdoutLine: {'line': b'-- Up-to-date: /home/ivan/personal/robotics_ros2/basic_concepts/ros2_ws/install/pubsub_interfaces/include/pubsub_interfaces/pubsub_interfaces/msg/rosidl_typesupport_introspection_c__visibility_control.h\n'}
[5.153479] (pubsub_interfaces) StdoutLine: {'line': b'-- Installing: /home/ivan/personal/robotics_ros2/basic_concepts/ros2_ws/install/pubsub_interfaces/lib/libpubsub_interfaces__rosidl_typesupport_introspection_c.so\n'}
[5.153869] (pubsub_interfaces) StdoutLine: {'line': b'-- Set runtime path of "/home/ivan/personal/robotics_ros2/basic_concepts/ros2_ws/install/pubsub_interfaces/lib/libpubsub_interfaces__rosidl_typesupport_introspection_c.so" to ""\n'}
[5.154148] (pubsub_interfaces) StdoutLine: {'line': b'-- Installing: /home/ivan/personal/robotics_ros2/basic_concepts/ros2_ws/install/pubsub_interfaces/lib/libpubsub_interfaces__rosidl_typesupport_c.so\n'}
[5.154508] (pubsub_interfaces) StdoutLine: {'line': b'-- Set runtime path of "/home/ivan/personal/robotics_ros2/basic_concepts/ros2_ws/install/pubsub_interfaces/lib/libpubsub_interfaces__rosidl_typesupport_c.so" to ""\n'}
[5.154641] (pubsub_interfaces) StdoutLine: {'line': b'-- Up-to-date: /home/ivan/personal/robotics_ros2/basic_concepts/ros2_ws/install/pubsub_interfaces/include/pubsub_interfaces/pubsub_interfaces\n'}
[5.154700] (pubsub_interfaces) StdoutLine: {'line': b'-- Up-to-date: /home/ivan/personal/robotics_ros2/basic_concepts/ros2_ws/install/pubsub_interfaces/include/pubsub_interfaces/pubsub_interfaces/msg\n'}
[5.155190] (pubsub_interfaces) StdoutLine: {'line': b'-- Up-to-date: /home/ivan/personal/robotics_ros2/basic_concepts/ros2_ws/install/pubsub_interfaces/include/pubsub_interfaces/pubsub_interfaces/msg/detail\n'}
[5.155371] (pubsub_interfaces) StdoutLine: {'line': b'-- Installing: /home/ivan/personal/robotics_ros2/basic_concepts/ros2_ws/install/pubsub_interfaces/include/pubsub_interfaces/pubsub_interfaces/msg/detail/hardware_status__traits.hpp\n'}
[5.155611] (pubsub_interfaces) StdoutLine: {'line': b'-- Installing: /home/ivan/personal/robotics_ros2/basic_concepts/ros2_ws/install/pubsub_interfaces/include/pubsub_interfaces/pubsub_interfaces/msg/detail/hardware_status__builder.hpp\n'}
[5.156098] (pubsub_interfaces) StdoutLine: {'line': b'-- Installing: /home/ivan/personal/robotics_ros2/basic_concepts/ros2_ws/install/pubsub_interfaces/include/pubsub_interfaces/pubsub_interfaces/msg/detail/hardware_status__struct.hpp\n'}
[5.156288] (pubsub_interfaces) StdoutLine: {'line': b'-- Installing: /home/ivan/personal/robotics_ros2/basic_concepts/ros2_ws/install/pubsub_interfaces/include/pubsub_interfaces/pubsub_interfaces/msg/detail/turtle_pose__traits.hpp\n'}
[5.156395] (pubsub_interfaces) StdoutLine: {'line': b'-- Installing: /home/ivan/personal/robotics_ros2/basic_concepts/ros2_ws/install/pubsub_interfaces/include/pubsub_interfaces/pubsub_interfaces/msg/detail/turtle_pose__type_support.hpp\n'}
[5.156490] (pubsub_interfaces) StdoutLine: {'line': b'-- Installing: /home/ivan/personal/robotics_ros2/basic_concepts/ros2_ws/install/pubsub_interfaces/include/pubsub_interfaces/pubsub_interfaces/msg/detail/turtle_pose__builder.hpp\n'}
[5.156587] (pubsub_interfaces) StdoutLine: {'line': b'-- Installing: /home/ivan/personal/robotics_ros2/basic_concepts/ros2_ws/install/pubsub_interfaces/include/pubsub_interfaces/pubsub_interfaces/msg/detail/turtle_pose__struct.hpp\n'}
[5.156681] (pubsub_interfaces) StdoutLine: {'line': b'-- Installing: /home/ivan/personal/robotics_ros2/basic_concepts/ros2_ws/install/pubsub_interfaces/include/pubsub_interfaces/pubsub_interfaces/msg/detail/hardware_status__type_support.hpp\n'}
[5.156799] (pubsub_interfaces) StdoutLine: {'line': b'-- Installing: /home/ivan/personal/robotics_ros2/basic_concepts/ros2_ws/install/pubsub_interfaces/include/pubsub_interfaces/pubsub_interfaces/msg/turtle_pose.hpp\n'}
[5.156923] (pubsub_interfaces) StdoutLine: {'line': b'-- Up-to-date: /home/ivan/personal/robotics_ros2/basic_concepts/ros2_ws/install/pubsub_interfaces/include/pubsub_interfaces/pubsub_interfaces/msg/rosidl_generator_cpp__visibility_control.hpp\n'}
[5.157053] (pubsub_interfaces) StdoutLine: {'line': b'-- Installing: /home/ivan/personal/robotics_ros2/basic_concepts/ros2_ws/install/pubsub_interfaces/include/pubsub_interfaces/pubsub_interfaces/msg/hardware_status.hpp\n'}
[5.157249] (pubsub_interfaces) StdoutLine: {'line': b'-- Up-to-date: /home/ivan/personal/robotics_ros2/basic_concepts/ros2_ws/install/pubsub_interfaces/include/pubsub_interfaces/pubsub_interfaces\n'}
[5.157415] (pubsub_interfaces) StdoutLine: {'line': b'-- Up-to-date: /home/ivan/personal/robotics_ros2/basic_concepts/ros2_ws/install/pubsub_interfaces/include/pubsub_interfaces/pubsub_interfaces/msg\n'}
[5.157542] (pubsub_interfaces) StdoutLine: {'line': b'-- Up-to-date: /home/ivan/personal/robotics_ros2/basic_concepts/ros2_ws/install/pubsub_interfaces/include/pubsub_interfaces/pubsub_interfaces/msg/rosidl_typesupport_fastrtps_cpp__visibility_control.h\n'}
[5.157741] (pubsub_interfaces) StdoutLine: {'line': b'-- Up-to-date: /home/ivan/personal/robotics_ros2/basic_concepts/ros2_ws/install/pubsub_interfaces/include/pubsub_interfaces/pubsub_interfaces/msg/detail\n'}
[5.158077] (pubsub_interfaces) StdoutLine: {'line': b'-- Up-to-date: /home/ivan/personal/robotics_ros2/basic_concepts/ros2_ws/install/pubsub_interfaces/include/pubsub_interfaces/pubsub_interfaces/msg/detail/dds_fastrtps\n'}
[5.158236] (pubsub_interfaces) StdoutLine: {'line': b'-- Installing: /home/ivan/personal/robotics_ros2/basic_concepts/ros2_ws/install/pubsub_interfaces/include/pubsub_interfaces/pubsub_interfaces/msg/detail/hardware_status__rosidl_typesupport_fastrtps_cpp.hpp\n'}
[5.158380] (pubsub_interfaces) StdoutLine: {'line': b'-- Installing: /home/ivan/personal/robotics_ros2/basic_concepts/ros2_ws/install/pubsub_interfaces/include/pubsub_interfaces/pubsub_interfaces/msg/detail/turtle_pose__rosidl_typesupport_fastrtps_cpp.hpp\n'}
[5.158520] (pubsub_interfaces) StdoutLine: {'line': b'-- Installing: /home/ivan/personal/robotics_ros2/basic_concepts/ros2_ws/install/pubsub_interfaces/lib/libpubsub_interfaces__rosidl_typesupport_fastrtps_cpp.so\n'}
[5.158650] (pubsub_interfaces) StdoutLine: {'line': b'-- Set runtime path of "/home/ivan/personal/robotics_ros2/basic_concepts/ros2_ws/install/pubsub_interfaces/lib/libpubsub_interfaces__rosidl_typesupport_fastrtps_cpp.so" to ""\n'}
[5.158795] (pubsub_interfaces) StdoutLine: {'line': b'-- Up-to-date: /home/ivan/personal/robotics_ros2/basic_concepts/ros2_ws/install/pubsub_interfaces/include/pubsub_interfaces/pubsub_interfaces\n'}
[5.158922] (pubsub_interfaces) StdoutLine: {'line': b'-- Up-to-date: /home/ivan/personal/robotics_ros2/basic_concepts/ros2_ws/install/pubsub_interfaces/include/pubsub_interfaces/pubsub_interfaces/msg\n'}
[5.159017] (pubsub_interfaces) StdoutLine: {'line': b'-- Up-to-date: /home/ivan/personal/robotics_ros2/basic_concepts/ros2_ws/install/pubsub_interfaces/include/pubsub_interfaces/pubsub_interfaces/msg/detail\n'}
[5.159118] (pubsub_interfaces) StdoutLine: {'line': b'-- Installing: /home/ivan/personal/robotics_ros2/basic_concepts/ros2_ws/install/pubsub_interfaces/include/pubsub_interfaces/pubsub_interfaces/msg/detail/hardware_status__type_support.cpp\n'}
[5.159213] (pubsub_interfaces) StdoutLine: {'line': b'-- Installing: /home/ivan/personal/robotics_ros2/basic_concepts/ros2_ws/install/pubsub_interfaces/include/pubsub_interfaces/pubsub_interfaces/msg/detail/hardware_status__rosidl_typesupport_introspection_cpp.hpp\n'}
[5.159335] (pubsub_interfaces) StdoutLine: {'line': b'-- Installing: /home/ivan/personal/robotics_ros2/basic_concepts/ros2_ws/install/pubsub_interfaces/include/pubsub_interfaces/pubsub_interfaces/msg/detail/turtle_pose__rosidl_typesupport_introspection_cpp.hpp\n'}
[5.159436] (pubsub_interfaces) StdoutLine: {'line': b'-- Installing: /home/ivan/personal/robotics_ros2/basic_concepts/ros2_ws/install/pubsub_interfaces/include/pubsub_interfaces/pubsub_interfaces/msg/detail/turtle_pose__type_support.cpp\n'}
[5.159537] (pubsub_interfaces) StdoutLine: {'line': b'-- Installing: /home/ivan/personal/robotics_ros2/basic_concepts/ros2_ws/install/pubsub_interfaces/lib/libpubsub_interfaces__rosidl_typesupport_introspection_cpp.so\n'}
[5.159648] (pubsub_interfaces) StdoutLine: {'line': b'-- Set runtime path of "/home/ivan/personal/robotics_ros2/basic_concepts/ros2_ws/install/pubsub_interfaces/lib/libpubsub_interfaces__rosidl_typesupport_introspection_cpp.so" to ""\n'}
[5.160208] (pubsub_interfaces) StdoutLine: {'line': b'-- Installing: /home/ivan/personal/robotics_ros2/basic_concepts/ros2_ws/install/pubsub_interfaces/lib/libpubsub_interfaces__rosidl_typesupport_cpp.so\n'}
[5.160333] (pubsub_interfaces) StdoutLine: {'line': b'-- Set runtime path of "/home/ivan/personal/robotics_ros2/basic_concepts/ros2_ws/install/pubsub_interfaces/lib/libpubsub_interfaces__rosidl_typesupport_cpp.so" to ""\n'}
[5.160529] (pubsub_interfaces) StdoutLine: {'line': b'-- Up-to-date: /home/ivan/personal/robotics_ros2/basic_concepts/ros2_ws/install/pubsub_interfaces/share/pubsub_interfaces/environment/pythonpath.sh\n'}
[5.160604] (pubsub_interfaces) StdoutLine: {'line': b'-- Installing: /home/ivan/personal/robotics_ros2/basic_concepts/ros2_ws/install/pubsub_interfaces/share/pubsub_interfaces/environment/pythonpath.dsv\n'}
[5.160655] (pubsub_interfaces) StdoutLine: {'line': b'-- Up-to-date: /home/ivan/personal/robotics_ros2/basic_concepts/ros2_ws/install/pubsub_interfaces/local/lib/python3.10/dist-packages/pubsub_interfaces-0.0.0-py3.10.egg-info\n'}
[5.160702] (pubsub_interfaces) StdoutLine: {'line': b'-- Installing: /home/ivan/personal/robotics_ros2/basic_concepts/ros2_ws/install/pubsub_interfaces/local/lib/python3.10/dist-packages/pubsub_interfaces-0.0.0-py3.10.egg-info/top_level.txt\n'}
[5.160741] (pubsub_interfaces) StdoutLine: {'line': b'-- Installing: /home/ivan/personal/robotics_ros2/basic_concepts/ros2_ws/install/pubsub_interfaces/local/lib/python3.10/dist-packages/pubsub_interfaces-0.0.0-py3.10.egg-info/dependency_links.txt\n'}
[5.160779] (pubsub_interfaces) StdoutLine: {'line': b'-- Installing: /home/ivan/personal/robotics_ros2/basic_concepts/ros2_ws/install/pubsub_interfaces/local/lib/python3.10/dist-packages/pubsub_interfaces-0.0.0-py3.10.egg-info/PKG-INFO\n'}
[5.160816] (pubsub_interfaces) StdoutLine: {'line': b'-- Installing: /home/ivan/personal/robotics_ros2/basic_concepts/ros2_ws/install/pubsub_interfaces/local/lib/python3.10/dist-packages/pubsub_interfaces-0.0.0-py3.10.egg-info/SOURCES.txt\n'}
[5.160858] (pubsub_interfaces) StdoutLine: {'line': b'-- Up-to-date: /home/ivan/personal/robotics_ros2/basic_concepts/ros2_ws/install/pubsub_interfaces/local/lib/python3.10/dist-packages/pubsub_interfaces\n'}
[5.160894] (pubsub_interfaces) StdoutLine: {'line': b'-- Installing: /home/ivan/personal/robotics_ros2/basic_concepts/ros2_ws/install/pubsub_interfaces/local/lib/python3.10/dist-packages/pubsub_interfaces/pubsub_interfaces_s__rosidl_typesupport_c.cpython-310-x86_64-linux-gnu.so\n'}
[5.160933] (pubsub_interfaces) StdoutLine: {'line': b'-- Installing: /home/ivan/personal/robotics_ros2/basic_concepts/ros2_ws/install/pubsub_interfaces/local/lib/python3.10/dist-packages/pubsub_interfaces/_pubsub_interfaces_s.ep.rosidl_typesupport_c.c\n'}
[5.160970] (pubsub_interfaces) StdoutLine: {'line': b'-- Installing: /home/ivan/personal/robotics_ros2/basic_concepts/ros2_ws/install/pubsub_interfaces/local/lib/python3.10/dist-packages/pubsub_interfaces/libpubsub_interfaces__rosidl_generator_py.so\n'}
[5.161006] (pubsub_interfaces) StdoutLine: {'line': b'-- Installing: /home/ivan/personal/robotics_ros2/basic_concepts/ros2_ws/install/pubsub_interfaces/local/lib/python3.10/dist-packages/pubsub_interfaces/_pubsub_interfaces_s.ep.rosidl_typesupport_introspection_c.c\n'}
[5.161041] (pubsub_interfaces) StdoutLine: {'line': b'-- Installing: /home/ivan/personal/robotics_ros2/basic_concepts/ros2_ws/install/pubsub_interfaces/local/lib/python3.10/dist-packages/pubsub_interfaces/_pubsub_interfaces_s.ep.rosidl_typesupport_fastrtps_c.c\n'}
[5.161076] (pubsub_interfaces) StdoutLine: {'line': b'-- Installing: /home/ivan/personal/robotics_ros2/basic_concepts/ros2_ws/install/pubsub_interfaces/local/lib/python3.10/dist-packages/pubsub_interfaces/pubsub_interfaces_s__rosidl_typesupport_fastrtps_c.cpython-310-x86_64-linux-gnu.so\n'}
[5.161111] (pubsub_interfaces) StdoutLine: {'line': b'-- Up-to-date: /home/ivan/personal/robotics_ros2/basic_concepts/ros2_ws/install/pubsub_interfaces/local/lib/python3.10/dist-packages/pubsub_interfaces/msg\n'}
[5.161147] (pubsub_interfaces) StdoutLine: {'line': b'-- Installing: /home/ivan/personal/robotics_ros2/basic_concepts/ros2_ws/install/pubsub_interfaces/local/lib/python3.10/dist-packages/pubsub_interfaces/msg/_turtle_pose_s.c\n'}
[5.161186] (pubsub_interfaces) StdoutLine: {'line': b'-- Installing: /home/ivan/personal/robotics_ros2/basic_concepts/ros2_ws/install/pubsub_interfaces/local/lib/python3.10/dist-packages/pubsub_interfaces/msg/_turtle_pose.py\n'}
[5.161221] (pubsub_interfaces) StdoutLine: {'line': b'-- Installing: /home/ivan/personal/robotics_ros2/basic_concepts/ros2_ws/install/pubsub_interfaces/local/lib/python3.10/dist-packages/pubsub_interfaces/msg/_hardware_status.py\n'}
[5.161257] (pubsub_interfaces) StdoutLine: {'line': b'-- Installing: /home/ivan/personal/robotics_ros2/basic_concepts/ros2_ws/install/pubsub_interfaces/local/lib/python3.10/dist-packages/pubsub_interfaces/msg/_hardware_status_s.c\n'}
[5.161288] (pubsub_interfaces) StdoutLine: {'line': b'-- Installing: /home/ivan/personal/robotics_ros2/basic_concepts/ros2_ws/install/pubsub_interfaces/local/lib/python3.10/dist-packages/pubsub_interfaces/msg/__init__.py\n'}
[5.161320] (pubsub_interfaces) StdoutLine: {'line': b'-- Installing: /home/ivan/personal/robotics_ros2/basic_concepts/ros2_ws/install/pubsub_interfaces/local/lib/python3.10/dist-packages/pubsub_interfaces/pubsub_interfaces_s__rosidl_typesupport_introspection_c.cpython-310-x86_64-linux-gnu.so\n'}
[5.161351] (pubsub_interfaces) StdoutLine: {'line': b'-- Installing: /home/ivan/personal/robotics_ros2/basic_concepts/ros2_ws/install/pubsub_interfaces/local/lib/python3.10/dist-packages/pubsub_interfaces/__init__.py\n'}
[5.188291] (pubsub_interfaces) StdoutLine: {'line': b"Listing '/home/ivan/personal/robotics_ros2/basic_concepts/ros2_ws/install/pubsub_interfaces/local/lib/python3.10/dist-packages/pubsub_interfaces'...\n"}
[5.188480] (pubsub_interfaces) StdoutLine: {'line': b"Compiling '/home/ivan/personal/robotics_ros2/basic_concepts/ros2_ws/install/pubsub_interfaces/local/lib/python3.10/dist-packages/pubsub_interfaces/__init__.py'...\n"}
[5.188546] (pubsub_interfaces) StdoutLine: {'line': b"Listing '/home/ivan/personal/robotics_ros2/basic_concepts/ros2_ws/install/pubsub_interfaces/local/lib/python3.10/dist-packages/pubsub_interfaces/msg'...\n"}
[5.188590] (pubsub_interfaces) StdoutLine: {'line': b"Compiling '/home/ivan/personal/robotics_ros2/basic_concepts/ros2_ws/install/pubsub_interfaces/local/lib/python3.10/dist-packages/pubsub_interfaces/msg/__init__.py'...\n"}
[5.188632] (pubsub_interfaces) StdoutLine: {'line': b"Compiling '/home/ivan/personal/robotics_ros2/basic_concepts/ros2_ws/install/pubsub_interfaces/local/lib/python3.10/dist-packages/pubsub_interfaces/msg/_hardware_status.py'...\n"}
[5.188671] (pubsub_interfaces) StdoutLine: {'line': b"Compiling '/home/ivan/personal/robotics_ros2/basic_concepts/ros2_ws/install/pubsub_interfaces/local/lib/python3.10/dist-packages/pubsub_interfaces/msg/_turtle_pose.py'...\n"}
[5.195154] (pubsub_interfaces) StdoutLine: {'line': b'-- Installing: /home/ivan/personal/robotics_ros2/basic_concepts/ros2_ws/install/pubsub_interfaces/local/lib/python3.10/dist-packages/pubsub_interfaces/pubsub_interfaces_s__rosidl_typesupport_fastrtps_c.cpython-310-x86_64-linux-gnu.so\n'}
[5.195377] (pubsub_interfaces) StdoutLine: {'line': b'-- Set runtime path of "/home/ivan/personal/robotics_ros2/basic_concepts/ros2_ws/install/pubsub_interfaces/local/lib/python3.10/dist-packages/pubsub_interfaces/pubsub_interfaces_s__rosidl_typesupport_fastrtps_c.cpython-310-x86_64-linux-gnu.so" to ""\n'}
[5.195867] (pubsub_interfaces) StdoutLine: {'line': b'-- Installing: /home/ivan/personal/robotics_ros2/basic_concepts/ros2_ws/install/pubsub_interfaces/local/lib/python3.10/dist-packages/pubsub_interfaces/pubsub_interfaces_s__rosidl_typesupport_introspection_c.cpython-310-x86_64-linux-gnu.so\n'}
[5.196025] (pubsub_interfaces) StdoutLine: {'line': b'-- Set runtime path of "/home/ivan/personal/robotics_ros2/basic_concepts/ros2_ws/install/pubsub_interfaces/local/lib/python3.10/dist-packages/pubsub_interfaces/pubsub_interfaces_s__rosidl_typesupport_introspection_c.cpython-310-x86_64-linux-gnu.so" to ""\n'}
[5.196341] (pubsub_interfaces) StdoutLine: {'line': b'-- Installing: /home/ivan/personal/robotics_ros2/basic_concepts/ros2_ws/install/pubsub_interfaces/local/lib/python3.10/dist-packages/pubsub_interfaces/pubsub_interfaces_s__rosidl_typesupport_c.cpython-310-x86_64-linux-gnu.so\n'}
[5.196698] (pubsub_interfaces) StdoutLine: {'line': b'-- Set runtime path of "/home/ivan/personal/robotics_ros2/basic_concepts/ros2_ws/install/pubsub_interfaces/local/lib/python3.10/dist-packages/pubsub_interfaces/pubsub_interfaces_s__rosidl_typesupport_c.cpython-310-x86_64-linux-gnu.so" to ""\n'}
[5.196881] (pubsub_interfaces) StdoutLine: {'line': b'-- Installing: /home/ivan/personal/robotics_ros2/basic_concepts/ros2_ws/install/pubsub_interfaces/lib/libpubsub_interfaces__rosidl_generator_py.so\n'}
[5.196948] (pubsub_interfaces) StdoutLine: {'line': b'-- Set runtime path of "/home/ivan/personal/robotics_ros2/basic_concepts/ros2_ws/install/pubsub_interfaces/lib/libpubsub_interfaces__rosidl_generator_py.so" to ""\n'}
[5.196989] (pubsub_interfaces) StdoutLine: {'line': b'-- Up-to-date: /home/ivan/personal/robotics_ros2/basic_concepts/ros2_ws/install/pubsub_interfaces/share/pubsub_interfaces/msg/HardwareStatus.idl\n'}
[5.197029] (pubsub_interfaces) StdoutLine: {'line': b'-- Installing: /home/ivan/personal/robotics_ros2/basic_concepts/ros2_ws/install/pubsub_interfaces/share/pubsub_interfaces/msg/TurtlePose.idl\n'}
[5.197081] (pubsub_interfaces) StdoutLine: {'line': b'-- Up-to-date: /home/ivan/personal/robotics_ros2/basic_concepts/ros2_ws/install/pubsub_interfaces/share/pubsub_interfaces/msg/HardwareStatus.msg\n'}
[5.197117] (pubsub_interfaces) StdoutLine: {'line': b'-- Installing: /home/ivan/personal/robotics_ros2/basic_concepts/ros2_ws/install/pubsub_interfaces/share/pubsub_interfaces/msg/TurtlePose.msg\n'}
[5.197154] (pubsub_interfaces) StdoutLine: {'line': b'-- Up-to-date: /home/ivan/personal/robotics_ros2/basic_concepts/ros2_ws/install/pubsub_interfaces/share/ament_index/resource_index/package_run_dependencies/pubsub_interfaces\n'}
[5.197391] (pubsub_interfaces) StdoutLine: {'line': b'-- Installing: /home/ivan/personal/robotics_ros2/basic_concepts/ros2_ws/install/pubsub_interfaces/share/ament_index/resource_index/parent_prefix_path/pubsub_interfaces\n'}
[5.197608] (pubsub_interfaces) StdoutLine: {'line': b'-- Up-to-date: /home/ivan/personal/robotics_ros2/basic_concepts/ros2_ws/install/pubsub_interfaces/share/pubsub_interfaces/environment/ament_prefix_path.sh\n'}
[5.197733] (pubsub_interfaces) StdoutLine: {'line': b'-- Installing: /home/ivan/personal/robotics_ros2/basic_concepts/ros2_ws/install/pubsub_interfaces/share/pubsub_interfaces/environment/ament_prefix_path.dsv\n'}
[5.198046] (pubsub_interfaces) StdoutLine: {'line': b'-- Up-to-date: /home/ivan/personal/robotics_ros2/basic_concepts/ros2_ws/install/pubsub_interfaces/share/pubsub_interfaces/environment/path.sh\n'}
[5.198510] (pubsub_interfaces) StdoutLine: {'line': b'-- Installing: /home/ivan/personal/robotics_ros2/basic_concepts/ros2_ws/install/pubsub_interfaces/share/pubsub_interfaces/environment/path.dsv\n'}
[5.198773] (pubsub_interfaces) StdoutLine: {'line': b'-- Up-to-date: /home/ivan/personal/robotics_ros2/basic_concepts/ros2_ws/install/pubsub_interfaces/share/pubsub_interfaces/local_setup.bash\n'}
[5.198937] (pubsub_interfaces) StdoutLine: {'line': b'-- Up-to-date: /home/ivan/personal/robotics_ros2/basic_concepts/ros2_ws/install/pubsub_interfaces/share/pubsub_interfaces/local_setup.sh\n'}
[5.199590] (pubsub_interfaces) StdoutLine: {'line': b'-- Up-to-date: /home/ivan/personal/robotics_ros2/basic_concepts/ros2_ws/install/pubsub_interfaces/share/pubsub_interfaces/local_setup.zsh\n'}
[5.199992] (pubsub_interfaces) StdoutLine: {'line': b'-- Installing: /home/ivan/personal/robotics_ros2/basic_concepts/ros2_ws/install/pubsub_interfaces/share/pubsub_interfaces/local_setup.dsv\n'}
[5.200180] (pubsub_interfaces) StdoutLine: {'line': b'-- Installing: /home/ivan/personal/robotics_ros2/basic_concepts/ros2_ws/install/pubsub_interfaces/share/pubsub_interfaces/package.dsv\n'}
[5.200388] (pubsub_interfaces) StdoutLine: {'line': b'-- Up-to-date: /home/ivan/personal/robotics_ros2/basic_concepts/ros2_ws/install/pubsub_interfaces/share/ament_index/resource_index/packages/pubsub_interfaces\n'}
[5.200617] (pubsub_interfaces) StdoutLine: {'line': b'-- Up-to-date: /home/ivan/personal/robotics_ros2/basic_concepts/ros2_ws/install/pubsub_interfaces/share/pubsub_interfaces/cmake/export_pubsub_interfaces__rosidl_generator_cExport.cmake\n'}
[5.200780] (pubsub_interfaces) StdoutLine: {'line': b'-- Up-to-date: /home/ivan/personal/robotics_ros2/basic_concepts/ros2_ws/install/pubsub_interfaces/share/pubsub_interfaces/cmake/export_pubsub_interfaces__rosidl_generator_cExport-noconfig.cmake\n'}
[5.200889] (pubsub_interfaces) StdoutLine: {'line': b'-- Up-to-date: /home/ivan/personal/robotics_ros2/basic_concepts/ros2_ws/install/pubsub_interfaces/share/pubsub_interfaces/cmake/export_pubsub_interfaces__rosidl_typesupport_fastrtps_cExport.cmake\n'}
[5.201166] (pubsub_interfaces) StdoutLine: {'line': b'-- Up-to-date: /home/ivan/personal/robotics_ros2/basic_concepts/ros2_ws/install/pubsub_interfaces/share/pubsub_interfaces/cmake/export_pubsub_interfaces__rosidl_typesupport_fastrtps_cExport-noconfig.cmake\n'}
[5.201214] (pubsub_interfaces) StdoutLine: {'line': b'-- Up-to-date: /home/ivan/personal/robotics_ros2/basic_concepts/ros2_ws/install/pubsub_interfaces/share/pubsub_interfaces/cmake/pubsub_interfaces__rosidl_typesupport_introspection_cExport.cmake\n'}
[5.201251] (pubsub_interfaces) StdoutLine: {'line': b'-- Up-to-date: /home/ivan/personal/robotics_ros2/basic_concepts/ros2_ws/install/pubsub_interfaces/share/pubsub_interfaces/cmake/pubsub_interfaces__rosidl_typesupport_introspection_cExport-noconfig.cmake\n'}
[5.201284] (pubsub_interfaces) StdoutLine: {'line': b'-- Up-to-date: /home/ivan/personal/robotics_ros2/basic_concepts/ros2_ws/install/pubsub_interfaces/share/pubsub_interfaces/cmake/pubsub_interfaces__rosidl_typesupport_cExport.cmake\n'}
[5.201328] (pubsub_interfaces) StdoutLine: {'line': b'-- Up-to-date: /home/ivan/personal/robotics_ros2/basic_concepts/ros2_ws/install/pubsub_interfaces/share/pubsub_interfaces/cmake/pubsub_interfaces__rosidl_typesupport_cExport-noconfig.cmake\n'}
[5.201362] (pubsub_interfaces) StdoutLine: {'line': b'-- Up-to-date: /home/ivan/personal/robotics_ros2/basic_concepts/ros2_ws/install/pubsub_interfaces/share/pubsub_interfaces/cmake/export_pubsub_interfaces__rosidl_generator_cppExport.cmake\n'}
[5.201396] (pubsub_interfaces) StdoutLine: {'line': b'-- Up-to-date: /home/ivan/personal/robotics_ros2/basic_concepts/ros2_ws/install/pubsub_interfaces/share/pubsub_interfaces/cmake/export_pubsub_interfaces__rosidl_typesupport_fastrtps_cppExport.cmake\n'}
[5.201438] (pubsub_interfaces) StdoutLine: {'line': b'-- Up-to-date: /home/ivan/personal/robotics_ros2/basic_concepts/ros2_ws/install/pubsub_interfaces/share/pubsub_interfaces/cmake/export_pubsub_interfaces__rosidl_typesupport_fastrtps_cppExport-noconfig.cmake\n'}
[5.201471] (pubsub_interfaces) StdoutLine: {'line': b'-- Up-to-date: /home/ivan/personal/robotics_ros2/basic_concepts/ros2_ws/install/pubsub_interfaces/share/pubsub_interfaces/cmake/pubsub_interfaces__rosidl_typesupport_introspection_cppExport.cmake\n'}
[5.201509] (pubsub_interfaces) StdoutLine: {'line': b'-- Up-to-date: /home/ivan/personal/robotics_ros2/basic_concepts/ros2_ws/install/pubsub_interfaces/share/pubsub_interfaces/cmake/pubsub_interfaces__rosidl_typesupport_introspection_cppExport-noconfig.cmake\n'}
[5.201544] (pubsub_interfaces) StdoutLine: {'line': b'-- Up-to-date: /home/ivan/personal/robotics_ros2/basic_concepts/ros2_ws/install/pubsub_interfaces/share/pubsub_interfaces/cmake/pubsub_interfaces__rosidl_typesupport_cppExport.cmake\n'}
[5.201574] (pubsub_interfaces) StdoutLine: {'line': b'-- Up-to-date: /home/ivan/personal/robotics_ros2/basic_concepts/ros2_ws/install/pubsub_interfaces/share/pubsub_interfaces/cmake/pubsub_interfaces__rosidl_typesupport_cppExport-noconfig.cmake\n'}
[5.201605] (pubsub_interfaces) StdoutLine: {'line': b'-- Up-to-date: /home/ivan/personal/robotics_ros2/basic_concepts/ros2_ws/install/pubsub_interfaces/share/pubsub_interfaces/cmake/export_pubsub_interfaces__rosidl_generator_pyExport.cmake\n'}
[5.201636] (pubsub_interfaces) StdoutLine: {'line': b'-- Up-to-date: /home/ivan/personal/robotics_ros2/basic_concepts/ros2_ws/install/pubsub_interfaces/share/pubsub_interfaces/cmake/export_pubsub_interfaces__rosidl_generator_pyExport-noconfig.cmake\n'}
[5.201668] (pubsub_interfaces) StdoutLine: {'line': b'-- Installing: /home/ivan/personal/robotics_ros2/basic_concepts/ros2_ws/install/pubsub_interfaces/share/pubsub_interfaces/cmake/rosidl_cmake-extras.cmake\n'}
[5.201699] (pubsub_interfaces) StdoutLine: {'line': b'-- Up-to-date: /home/ivan/personal/robotics_ros2/basic_concepts/ros2_ws/install/pubsub_interfaces/share/pubsub_interfaces/cmake/ament_cmake_export_include_directories-extras.cmake\n'}
[5.201738] (pubsub_interfaces) StdoutLine: {'line': b'-- Up-to-date: /home/ivan/personal/robotics_ros2/basic_concepts/ros2_ws/install/pubsub_interfaces/share/pubsub_interfaces/cmake/ament_cmake_export_libraries-extras.cmake\n'}
[5.201771] (pubsub_interfaces) StdoutLine: {'line': b'-- Up-to-date: /home/ivan/personal/robotics_ros2/basic_concepts/ros2_ws/install/pubsub_interfaces/share/pubsub_interfaces/cmake/ament_cmake_export_targets-extras.cmake\n'}
[5.201803] (pubsub_interfaces) StdoutLine: {'line': b'-- Up-to-date: /home/ivan/personal/robotics_ros2/basic_concepts/ros2_ws/install/pubsub_interfaces/share/pubsub_interfaces/cmake/rosidl_cmake_export_typesupport_targets-extras.cmake\n'}
[5.201838] (pubsub_interfaces) StdoutLine: {'line': b'-- Up-to-date: /home/ivan/personal/robotics_ros2/basic_concepts/ros2_ws/install/pubsub_interfaces/share/pubsub_interfaces/cmake/ament_cmake_export_dependencies-extras.cmake\n'}
[5.201871] (pubsub_interfaces) StdoutLine: {'line': b'-- Up-to-date: /home/ivan/personal/robotics_ros2/basic_concepts/ros2_ws/install/pubsub_interfaces/share/pubsub_interfaces/cmake/rosidl_cmake_export_typesupport_libraries-extras.cmake\n'}
[5.201906] (pubsub_interfaces) StdoutLine: {'line': b'-- Up-to-date: /home/ivan/personal/robotics_ros2/basic_concepts/ros2_ws/install/pubsub_interfaces/share/pubsub_interfaces/cmake/pubsub_interfacesConfig.cmake\n'}
[5.201947] (pubsub_interfaces) StdoutLine: {'line': b'-- Up-to-date: /home/ivan/personal/robotics_ros2/basic_concepts/ros2_ws/install/pubsub_interfaces/share/pubsub_interfaces/cmake/pubsub_interfacesConfig-version.cmake\n'}
[5.201980] (pubsub_interfaces) StdoutLine: {'line': b'-- Up-to-date: /home/ivan/personal/robotics_ros2/basic_concepts/ros2_ws/install/pubsub_interfaces/share/pubsub_interfaces/package.xml\n'}
[5.203935] (pubsub_interfaces) CommandEnded: {'returncode': 0}
[5.220008] (pubsub_interfaces) JobEnded: {'identifier': 'pubsub_interfaces', 'rc': 0}
[5.221281] (pubsub_custom) JobStarted: {'identifier': 'pubsub_custom'}
[5.225767] (turtle_controller) JobStarted: {'identifier': 'turtle_controller'}
[5.237101] (-) TimerEvent: {}
[5.339474] (-) TimerEvent: {}
[5.440182] (-) TimerEvent: {}
[5.541069] (-) TimerEvent: {}
[5.641891] (-) TimerEvent: {}
[5.742679] (-) TimerEvent: {}
[5.843601] (-) TimerEvent: {}
[5.944463] (-) TimerEvent: {}
[6.045111] (-) TimerEvent: {}
[6.145788] (-) TimerEvent: {}
[6.247163] (-) TimerEvent: {}
[6.347960] (-) TimerEvent: {}
[6.448610] (-) TimerEvent: {}
[6.549333] (-) TimerEvent: {}
[6.650085] (-) TimerEvent: {}
[6.750784] (-) TimerEvent: {}
[6.851726] (-) TimerEvent: {}
[6.910329] (pubsub_custom) Command: {'cmd': ['/usr/bin/python3', '-W', 'ignore:setup.py install is deprecated', '-W', 'ignore:easy_install command is deprecated', 'setup.py', 'egg_info', '--egg-base', '../../build/pubsub_custom', 'build', '--build-base', '/home/ivan/personal/robotics_ros2/basic_concepts/ros2_ws/build/pubsub_custom/build', 'install', '--record', '/home/ivan/personal/robotics_ros2/basic_concepts/ros2_ws/build/pubsub_custom/install.log', '--single-version-externally-managed', 'install_data'], 'cwd': '/home/ivan/personal/robotics_ros2/basic_concepts/ros2_ws/src/pubsub_custom', 'env': {'PYTHON_BASIC_REPL': '1', 'LESSOPEN': '| /usr/bin/lesspipe %s', 'USER': 'ivan', 'GIT_ASKPASS': '/home/ivan/.vscode-server/bin/03c265b1adee71ac88f833e065f7bb956b60550a/extensions/git/dist/askpass.sh', 'SHLVL': '1', 'LD_LIBRARY_PATH': '/home/ivan/personal/robotics_ros2/basic_concepts/ros2_ws/install/pubsub_interfaces/lib:/usr/lib/x86_64-linux-gnu/gazebo-11/plugins:/opt/ros/humble/opt/rviz_ogre_vendor/lib:/opt/ros/humble/lib/x86_64-linux-gnu:/opt/ros/humble/lib', 'MOTD_SHOWN': 'update-motd', 'HOME': '/home/ivan', 'OLDPWD': '/home/ivan/personal/robotics_ros2/basic_concepts/ros2_ws/src', 'TERM_PROGRAM_VERSION': '1.105.0', 'VSCODE_IPC_HOOK_CLI': '/run/user/1000/vscode-ipc-675c3a9c-43a3-4d8b-9d2a-8808d58fabfd.sock', 'ROS_PYTHON_VERSION': '3', 'VSCODE_GIT_ASKPASS_MAIN': '/home/ivan/.vscode-server/bin/03c265b1adee71ac88f833e065f7bb956b60550a/extensions/git/dist/askpass-main.js', 'VSCODE_GIT_ASKPASS_NODE': '/home/ivan/.vscode-server/bin/03c265b1adee71ac88f833e065f7bb956b60550a/node', 'PYDEVD_DISABLE_FILE_VALIDATION': '1', 'BUNDLED_DEBUGPY_PATH': '/home/ivan/.vscode-server/extensions/ms-python.debugpy-2025.14.1-linux-x64/bundled/libs/debugpy', 'VSCODE_PYTHON_AUTOACTIVATE_GUARD': '1', 'DBUS_SESSION_BUS_ADDRESS': 'unix:path=/run/user/1000/bus', 'COLORTERM': 'truecolor', 'WSL_DISTRO_NAME': 'Ubuntu-22.04', 'WAYLAND_DISPLAY': 'wayland-0', 'COLCON_PREFIX_PATH': '/home/ivan/personal/robotics_ros2/basic_concepts/ros2_ws/install', 'ROS_DISTRO': 'humble', 'LOGNAME': 'ivan', 'NAME': 'ivan', 'WSL_INTEROP': '/run/WSL/653400_interop', 'PULSE_SERVER': 'unix:/mnt/wslg/PulseServer', '_': '/usr/bin/colcon', 'ROS_VERSION': '2', 'TERM': 'xterm-256color', 'ROS_LOCALHOST_ONLY': '0', 'PATH': '/opt/ros/humble/bin:/home/ivan/.vscode-server/bin/03c265b1adee71ac88f833e065f7bb956b60550a/bin/remote-cli:/home/ivan/.local/bin:/usr/local/sbin:/usr/local/bin:/usr/sbin:/usr/bin:/sbin:/bin:/usr/games:/usr/local/games:/usr/lib/wsl/lib:/mnt/c/WINDOWS/system32:/mnt/c/WINDOWS:/mnt/c/WINDOWS/System32/Wbem:/mnt/c/WINDOWS/System32/WindowsPowerShell/v1.0/:/mnt/c/WINDOWS/System32/OpenSSH/:/mnt/c/Program Files/Docker/Docker/resources/bin:/mnt/c/Program Files/usbipd-win/usbpid.exe:/mnt/c/Program Files/usbipd-win/:/mnt/c/Program Files/Git/cmd:/mnt/c/Users/ivanr/AppData/Local/Microsoft/WindowsApps:/mnt/c/Users/ivanr/AppData/Local/Programs/Microsoft VS Code/bin:/mnt/c/Program Files/usbipd-win:/mnt/c/Users/ivanr/AppData/Local/GitHubDesktop/bin:/snap/bin:/home/ivan/.vscode-server/extensions/ms-python.debugpy-2025.14.1-linux-x64/bundled/scripts/noConfigScripts', 'XDG_RUNTIME_DIR': '/run/user/1000/', 'DISPLAY': ':0', 'VSCODE_DEBUGPY_ADAPTER_ENDPOINTS': '/home/ivan/.vscode-server/extensions/ms-python.debugpy-2025.14.1-linux-x64/.noConfigDebugAdapterEndpoints/endpoint-c19a3edb7b97d236.txt', 'LANG': 'en_US.UTF-8', 'PYTHONSTARTUP': '/home/ivan/.vscode-server/data/User/workspaceStorage/00d32fe8668f0231a37c304db2c235a6/ms-python.python/pythonrc.py', 'LS_COLORS': 'rs=0:di=01;34:ln=01;36:mh=00:pi=40;33:so=01;35:do=01;35:bd=40;33;01:cd=40;33;01:or=40;31;01:mi=00:su=37;41:sg=30;43:ca=30;41:tw=30;42:ow=34;42:st=37;44:ex=01;32:*.tar=01;31:*.tgz=01;31:*.arc=01;31:*.arj=01;31:*.taz=01;31:*.lha=01;31:*.lz4=01;31:*.lzh=01;31:*.lzma=01;31:*.tlz=01;31:*.txz=01;31:*.tzo=01;31:*.t7z=01;31:*.zip=01;31:*.z=01;31:*.dz=01;31:*.gz=01;31:*.lrz=01;31:*.lz=01;31:*.lzo=01;31:*.xz=01;31:*.zst=01;31:*.tzst=01;31:*.bz2=01;31:*.bz=01;31:*.tbz=01;31:*.tbz2=01;31:*.tz=01;31:*.deb=01;31:*.rpm=01;31:*.jar=01;31:*.war=01;31:*.ear=01;31:*.sar=01;31:*.rar=01;31:*.alz=01;31:*.ace=01;31:*.zoo=01;31:*.cpio=01;31:*.7z=01;31:*.rz=01;31:*.cab=01;31:*.wim=01;31:*.swm=01;31:*.dwm=01;31:*.esd=01;31:*.jpg=01;35:*.jpeg=01;35:*.mjpg=01;35:*.mjpeg=01;35:*.gif=01;35:*.bmp=01;35:*.pbm=01;35:*.pgm=01;35:*.ppm=01;35:*.tga=01;35:*.xbm=01;35:*.xpm=01;35:*.tif=01;35:*.tiff=01;35:*.png=01;35:*.svg=01;35:*.svgz=01;35:*.mng=01;35:*.pcx=01;35:*.mov=01;35:*.mpg=01;35:*.mpeg=01;35:*.m2v=01;35:*.mkv=01;35:*.webm=01;35:*.webp=01;35:*.ogm=01;35:*.mp4=01;35:*.m4v=01;35:*.mp4v=01;35:*.vob=01;35:*.qt=01;35:*.nuv=01;35:*.wmv=01;35:*.asf=01;35:*.rm=01;35:*.rmvb=01;35:*.flc=01;35:*.avi=01;35:*.fli=01;35:*.flv=01;35:*.gl=01;35:*.dl=01;35:*.xcf=01;35:*.xwd=01;35:*.yuv=01;35:*.cgm=01;35:*.emf=01;35:*.ogv=01;35:*.ogx=01;35:*.aac=00;36:*.au=00;36:*.flac=00;36:*.m4a=00;36:*.mid=00;36:*.midi=00;36:*.mka=00;36:*.mp3=00;36:*.mpc=00;36:*.ogg=00;36:*.ra=00;36:*.wav=00;36:*.oga=00;36:*.opus=00;36:*.spx=00;36:*.xspf=00;36:', 'VSCODE_GIT_IPC_HANDLE': '/run/user/1000/vscode-git-f5c21ee3f8.sock', 'TERM_PROGRAM': 'vscode', 'AMENT_PREFIX_PATH': '/home/ivan/personal/robotics_ros2/basic_concepts/ros2_ws/install/pubsub_interfaces:/home/ivan/personal/robotics_ros2/basic_concepts/ros2_ws/install/pubsub_pkg:/opt/ros/humble', 'SHELL': '/bin/bash', 'LESSCLOSE': '/usr/bin/lesspipe %s %s', 'VSCODE_GIT_ASKPASS_EXTRA_ARGS': '', 'PWD': '/home/ivan/personal/robotics_ros2/basic_concepts/ros2_ws/build/pubsub_custom', 'XDG_DATA_DIRS': '/usr/local/share:/usr/share:/var/lib/snapd/desktop', 'PYTHONPATH': '/home/ivan/personal/robotics_ros2/basic_concepts/ros2_ws/build/pubsub_custom/prefix_override:/usr/lib/python3/dist-packages/colcon_core/task/python/colcon_distutils_commands:/home/ivan/personal/robotics_ros2/basic_concepts/ros2_ws/install/pubsub_custom/lib/python3.10/site-packages:/home/ivan/personal/robotics_ros2/basic_concepts/ros2_ws/install/pubsub_interfaces/local/lib/python3.10/dist-packages:/home/ivan/personal/robotics_ros2/basic_concepts/ros2_ws/install/pubsub_pkg/lib/python3.10/site-packages:/opt/ros/humble/lib/python3.10/site-packages:/opt/ros/humble/local/lib/python3.10/dist-packages', 'COLCON': '1', 'WSL2_GUI_APPS_ENABLED': '1', 'HOSTTYPE': 'x86_64', 'WSLENV': 'VSCODE_WSL_EXT_LOCATION/up', 'CMAKE_PREFIX_PATH': '/home/ivan/personal/robotics_ros2/basic_concepts/ros2_ws/install/pubsub_interfaces'}, 'shell': False}
[6.952237] (-) TimerEvent: {}
[7.024279] (turtle_controller) Command: {'cmd': ['/usr/bin/python3', '-W', 'ignore:setup.py install is deprecated', '-W', 'ignore:easy_install command is deprecated', 'setup.py', 'egg_info', '--egg-base', '../../build/turtle_controller', 'build', '--build-base', '/home/ivan/personal/robotics_ros2/basic_concepts/ros2_ws/build/turtle_controller/build', 'install', '--record', '/home/ivan/personal/robotics_ros2/basic_concepts/ros2_ws/build/turtle_controller/install.log', '--single-version-externally-managed', 'install_data'], 'cwd': '/home/ivan/personal/robotics_ros2/basic_concepts/ros2_ws/src/turtle_controller', 'env': {'PYTHON_BASIC_REPL': '1', 'LESSOPEN': '| /usr/bin/lesspipe %s', 'USER': 'ivan', 'GIT_ASKPASS': '/home/ivan/.vscode-server/bin/03c265b1adee71ac88f833e065f7bb956b60550a/extensions/git/dist/askpass.sh', 'SHLVL': '1', 'LD_LIBRARY_PATH': '/home/ivan/personal/robotics_ros2/basic_concepts/ros2_ws/install/pubsub_interfaces/lib:/usr/lib/x86_64-linux-gnu/gazebo-11/plugins:/opt/ros/humble/opt/rviz_ogre_vendor/lib:/opt/ros/humble/lib/x86_64-linux-gnu:/opt/ros/humble/lib', 'MOTD_SHOWN': 'update-motd', 'HOME': '/home/ivan', 'OLDPWD': '/home/ivan/personal/robotics_ros2/basic_concepts/ros2_ws/src', 'TERM_PROGRAM_VERSION': '1.105.0', 'VSCODE_IPC_HOOK_CLI': '/run/user/1000/vscode-ipc-675c3a9c-43a3-4d8b-9d2a-8808d58fabfd.sock', 'ROS_PYTHON_VERSION': '3', 'VSCODE_GIT_ASKPASS_MAIN': '/home/ivan/.vscode-server/bin/03c265b1adee71ac88f833e065f7bb956b60550a/extensions/git/dist/askpass-main.js', 'VSCODE_GIT_ASKPASS_NODE': '/home/ivan/.vscode-server/bin/03c265b1adee71ac88f833e065f7bb956b60550a/node', 'PYDEVD_DISABLE_FILE_VALIDATION': '1', 'BUNDLED_DEBUGPY_PATH': '/home/ivan/.vscode-server/extensions/ms-python.debugpy-2025.14.1-linux-x64/bundled/libs/debugpy', 'VSCODE_PYTHON_AUTOACTIVATE_GUARD': '1', 'DBUS_SESSION_BUS_ADDRESS': 'unix:path=/run/user/1000/bus', 'COLORTERM': 'truecolor', 'WSL_DISTRO_NAME': 'Ubuntu-22.04', 'WAYLAND_DISPLAY': 'wayland-0', 'COLCON_PREFIX_PATH': '/home/ivan/personal/robotics_ros2/basic_concepts/ros2_ws/install', 'ROS_DISTRO': 'humble', 'LOGNAME': 'ivan', 'NAME': 'ivan', 'WSL_INTEROP': '/run/WSL/653400_interop', 'PULSE_SERVER': 'unix:/mnt/wslg/PulseServer', '_': '/usr/bin/colcon', 'ROS_VERSION': '2', 'TERM': 'xterm-256color', 'ROS_LOCALHOST_ONLY': '0', 'PATH': '/opt/ros/humble/bin:/home/ivan/.vscode-server/bin/03c265b1adee71ac88f833e065f7bb956b60550a/bin/remote-cli:/home/ivan/.local/bin:/usr/local/sbin:/usr/local/bin:/usr/sbin:/usr/bin:/sbin:/bin:/usr/games:/usr/local/games:/usr/lib/wsl/lib:/mnt/c/WINDOWS/system32:/mnt/c/WINDOWS:/mnt/c/WINDOWS/System32/Wbem:/mnt/c/WINDOWS/System32/WindowsPowerShell/v1.0/:/mnt/c/WINDOWS/System32/OpenSSH/:/mnt/c/Program Files/Docker/Docker/resources/bin:/mnt/c/Program Files/usbipd-win/usbpid.exe:/mnt/c/Program Files/usbipd-win/:/mnt/c/Program Files/Git/cmd:/mnt/c/Users/ivanr/AppData/Local/Microsoft/WindowsApps:/mnt/c/Users/ivanr/AppData/Local/Programs/Microsoft VS Code/bin:/mnt/c/Program Files/usbipd-win:/mnt/c/Users/ivanr/AppData/Local/GitHubDesktop/bin:/snap/bin:/home/ivan/.vscode-server/extensions/ms-python.debugpy-2025.14.1-linux-x64/bundled/scripts/noConfigScripts', 'XDG_RUNTIME_DIR': '/run/user/1000/', 'DISPLAY': ':0', 'VSCODE_DEBUGPY_ADAPTER_ENDPOINTS': '/home/ivan/.vscode-server/extensions/ms-python.debugpy-2025.14.1-linux-x64/.noConfigDebugAdapterEndpoints/endpoint-c19a3edb7b97d236.txt', 'LANG': 'en_US.UTF-8', 'PYTHONSTARTUP': '/home/ivan/.vscode-server/data/User/workspaceStorage/00d32fe8668f0231a37c304db2c235a6/ms-python.python/pythonrc.py', 'LS_COLORS': 'rs=0:di=01;34:ln=01;36:mh=00:pi=40;33:so=01;35:do=01;35:bd=40;33;01:cd=40;33;01:or=40;31;01:mi=00:su=37;41:sg=30;43:ca=30;41:tw=30;42:ow=34;42:st=37;44:ex=01;32:*.tar=01;31:*.tgz=01;31:*.arc=01;31:*.arj=01;31:*.taz=01;31:*.lha=01;31:*.lz4=01;31:*.lzh=01;31:*.lzma=01;31:*.tlz=01;31:*.txz=01;31:*.tzo=01;31:*.t7z=01;31:*.zip=01;31:*.z=01;31:*.dz=01;31:*.gz=01;31:*.lrz=01;31:*.lz=01;31:*.lzo=01;31:*.xz=01;31:*.zst=01;31:*.tzst=01;31:*.bz2=01;31:*.bz=01;31:*.tbz=01;31:*.tbz2=01;31:*.tz=01;31:*.deb=01;31:*.rpm=01;31:*.jar=01;31:*.war=01;31:*.ear=01;31:*.sar=01;31:*.rar=01;31:*.alz=01;31:*.ace=01;31:*.zoo=01;31:*.cpio=01;31:*.7z=01;31:*.rz=01;31:*.cab=01;31:*.wim=01;31:*.swm=01;31:*.dwm=01;31:*.esd=01;31:*.jpg=01;35:*.jpeg=01;35:*.mjpg=01;35:*.mjpeg=01;35:*.gif=01;35:*.bmp=01;35:*.pbm=01;35:*.pgm=01;35:*.ppm=01;35:*.tga=01;35:*.xbm=01;35:*.xpm=01;35:*.tif=01;35:*.tiff=01;35:*.png=01;35:*.svg=01;35:*.svgz=01;35:*.mng=01;35:*.pcx=01;35:*.mov=01;35:*.mpg=01;35:*.mpeg=01;35:*.m2v=01;35:*.mkv=01;35:*.webm=01;35:*.webp=01;35:*.ogm=01;35:*.mp4=01;35:*.m4v=01;35:*.mp4v=01;35:*.vob=01;35:*.qt=01;35:*.nuv=01;35:*.wmv=01;35:*.asf=01;35:*.rm=01;35:*.rmvb=01;35:*.flc=01;35:*.avi=01;35:*.fli=01;35:*.flv=01;35:*.gl=01;35:*.dl=01;35:*.xcf=01;35:*.xwd=01;35:*.yuv=01;35:*.cgm=01;35:*.emf=01;35:*.ogv=01;35:*.ogx=01;35:*.aac=00;36:*.au=00;36:*.flac=00;36:*.m4a=00;36:*.mid=00;36:*.midi=00;36:*.mka=00;36:*.mp3=00;36:*.mpc=00;36:*.ogg=00;36:*.ra=00;36:*.wav=00;36:*.oga=00;36:*.opus=00;36:*.spx=00;36:*.xspf=00;36:', 'VSCODE_GIT_IPC_HANDLE': '/run/user/1000/vscode-git-f5c21ee3f8.sock', 'TERM_PROGRAM': 'vscode', 'AMENT_PREFIX_PATH': '/home/ivan/personal/robotics_ros2/basic_concepts/ros2_ws/install/pubsub_interfaces:/home/ivan/personal/robotics_ros2/basic_concepts/ros2_ws/install/pubsub_pkg:/opt/ros/humble', 'SHELL': '/bin/bash', 'LESSCLOSE': '/usr/bin/lesspipe %s %s', 'VSCODE_GIT_ASKPASS_EXTRA_ARGS': '', 'PWD': '/home/ivan/personal/robotics_ros2/basic_concepts/ros2_ws/build/turtle_controller', 'XDG_DATA_DIRS': '/usr/local/share:/usr/share:/var/lib/snapd/desktop', 'PYTHONPATH': '/home/ivan/personal/robotics_ros2/basic_concepts/ros2_ws/build/turtle_controller/prefix_override:/usr/lib/python3/dist-packages/colcon_core/task/python/colcon_distutils_commands:/home/ivan/personal/robotics_ros2/basic_concepts/ros2_ws/install/turtle_controller/lib/python3.10/site-packages:/home/ivan/personal/robotics_ros2/basic_concepts/ros2_ws/install/pubsub_interfaces/local/lib/python3.10/dist-packages:/home/ivan/personal/robotics_ros2/basic_concepts/ros2_ws/install/pubsub_pkg/lib/python3.10/site-packages:/opt/ros/humble/lib/python3.10/site-packages:/opt/ros/humble/local/lib/python3.10/dist-packages', 'COLCON': '1', 'WSL2_GUI_APPS_ENABLED': '1', 'HOSTTYPE': 'x86_64', 'WSLENV': 'VSCODE_WSL_EXT_LOCATION/up', 'CMAKE_PREFIX_PATH': '/home/ivan/personal/robotics_ros2/basic_concepts/ros2_ws/install/pubsub_interfaces'}, 'shell': False}
[7.052589] (-) TimerEvent: {}
[7.153981] (-) TimerEvent: {}
[7.255419] (-) TimerEvent: {}
[7.276084] (pubsub_custom) StdoutLine: {'line': b'running egg_info\n'}
[7.276871] (pubsub_custom) StdoutLine: {'line': b'writing ../../build/pubsub_custom/pubsub_custom.egg-info/PKG-INFO\n'}
[7.277665] (pubsub_custom) StdoutLine: {'line': b'writing dependency_links to ../../build/pubsub_custom/pubsub_custom.egg-info/dependency_links.txt\n'}
[7.278342] (pubsub_custom) StdoutLine: {'line': b'writing entry points to ../../build/pubsub_custom/pubsub_custom.egg-info/entry_points.txt\n'}
[7.278785] (pubsub_custom) StdoutLine: {'line': b'writing requirements to ../../build/pubsub_custom/pubsub_custom.egg-info/requires.txt\n'}
[7.279247] (pubsub_custom) StdoutLine: {'line': b'writing top-level names to ../../build/pubsub_custom/pubsub_custom.egg-info/top_level.txt\n'}
[7.281157] (pubsub_custom) StdoutLine: {'line': b"reading manifest file '../../build/pubsub_custom/pubsub_custom.egg-info/SOURCES.txt'\n"}
[7.282237] (pubsub_custom) StdoutLine: {'line': b"writing manifest file '../../build/pubsub_custom/pubsub_custom.egg-info/SOURCES.txt'\n"}
[7.282744] (pubsub_custom) StdoutLine: {'line': b'running build\n'}
[7.283014] (pubsub_custom) StdoutLine: {'line': b'running build_py\n'}
[7.283074] (pubsub_custom) StdoutLine: {'line': b'running install\n'}
[7.283115] (pubsub_custom) StdoutLine: {'line': b'running install_lib\n'}
[7.285304] (pubsub_custom) StdoutLine: {'line': b'running install_data\n'}
[7.285650] (pubsub_custom) StdoutLine: {'line': b'running install_egg_info\n'}
[7.288690] (pubsub_custom) StdoutLine: {'line': b"removing '/home/ivan/personal/robotics_ros2/basic_concepts/ros2_ws/install/pubsub_custom/lib/python3.10/site-packages/pubsub_custom-0.0.0-py3.10.egg-info' (and everything under it)\n"}
[7.289268] (pubsub_custom) StdoutLine: {'line': b'Copying ../../build/pubsub_custom/pubsub_custom.egg-info to /home/ivan/personal/robotics_ros2/basic_concepts/ros2_ws/install/pubsub_custom/lib/python3.10/site-packages/pubsub_custom-0.0.0-py3.10.egg-info\n'}
[7.290236] (pubsub_custom) StdoutLine: {'line': b'running install_scripts\n'}
[7.310199] (pubsub_custom) StdoutLine: {'line': b'Installing publish_status script to /home/ivan/personal/robotics_ros2/basic_concepts/ros2_ws/install/pubsub_custom/lib/pubsub_custom\n'}
[7.310733] (pubsub_custom) StdoutLine: {'line': b"writing list of installed files to '/home/ivan/personal/robotics_ros2/basic_concepts/ros2_ws/build/pubsub_custom/install.log'\n"}
[7.337136] (turtle_controller) StdoutLine: {'line': b'running egg_info\n'}
[7.338072] (turtle_controller) StdoutLine: {'line': b'creating ../../build/turtle_controller/turtle_controller.egg-info\n'}
[7.339346] (turtle_controller) StdoutLine: {'line': b'writing ../../build/turtle_controller/turtle_controller.egg-info/PKG-INFO\n'}
[7.341021] (turtle_controller) StdoutLine: {'line': b'writing dependency_links to ../../build/turtle_controller/turtle_controller.egg-info/dependency_links.txt\n'}
[7.341952] (turtle_controller) StdoutLine: {'line': b'writing entry points to ../../build/turtle_controller/turtle_controller.egg-info/entry_points.txt\n'}
[7.342893] (turtle_controller) StdoutLine: {'line': b'writing requirements to ../../build/turtle_controller/turtle_controller.egg-info/requires.txt\n'}
[7.345440] (turtle_controller) StdoutLine: {'line': b'writing top-level names to ../../build/turtle_controller/turtle_controller.egg-info/top_level.txt\n'}
[7.346191] (turtle_controller) StdoutLine: {'line': b"writing manifest file '../../build/turtle_controller/turtle_controller.egg-info/SOURCES.txt'\n"}
[7.346468] (turtle_controller) StdoutLine: {'line': b"reading manifest file '../../build/turtle_controller/turtle_controller.egg-info/SOURCES.txt'\n"}
[7.346761] (turtle_controller) StdoutLine: {'line': b"writing manifest file '../../build/turtle_controller/turtle_controller.egg-info/SOURCES.txt'\n"}
[7.347049] (turtle_controller) StdoutLine: {'line': b'running build\n'}
[7.347331] (turtle_controller) StdoutLine: {'line': b'running build_py\n'}
[7.347613] (turtle_controller) StdoutLine: {'line': b'creating /home/ivan/personal/robotics_ros2/basic_concepts/ros2_ws/build/turtle_controller/build\n'}
[7.347923] (turtle_controller) StdoutLine: {'line': b'creating /home/ivan/personal/robotics_ros2/basic_concepts/ros2_ws/build/turtle_controller/build/lib\n'}
[7.348208] (pubsub_custom) CommandEnded: {'returncode': 0}
[7.348814] (turtle_controller) StdoutLine: {'line': b'creating /home/ivan/personal/robotics_ros2/basic_concepts/ros2_ws/build/turtle_controller/build/lib/turtle_controller\n'}
[7.348995] (turtle_controller) StdoutLine: {'line': b'copying turtle_controller/subscriber.py -> /home/ivan/personal/robotics_ros2/basic_concepts/ros2_ws/build/turtle_controller/build/lib/turtle_controller\n'}
[7.349140] (turtle_controller) StdoutLine: {'line': b'copying turtle_controller/__init__.py -> /home/ivan/personal/robotics_ros2/basic_concepts/ros2_ws/build/turtle_controller/build/lib/turtle_controller\n'}
[7.349531] (turtle_controller) StdoutLine: {'line': b'running install\n'}
[7.350465] (turtle_controller) StdoutLine: {'line': b'running install_lib\n'}
[7.350966] (turtle_controller) StdoutLine: {'line': b'creating /home/ivan/personal/robotics_ros2/basic_concepts/ros2_ws/install/turtle_controller/lib/python3.10/site-packages/turtle_controller\n'}
[7.351756] (turtle_controller) StdoutLine: {'line': b'copying /home/ivan/personal/robotics_ros2/basic_concepts/ros2_ws/build/turtle_controller/build/lib/turtle_controller/subscriber.py -> /home/ivan/personal/robotics_ros2/basic_concepts/ros2_ws/install/turtle_controller/lib/python3.10/site-packages/turtle_controller\n'}
[7.351916] (turtle_controller) StdoutLine: {'line': b'copying /home/ivan/personal/robotics_ros2/basic_concepts/ros2_ws/build/turtle_controller/build/lib/turtle_controller/__init__.py -> /home/ivan/personal/robotics_ros2/basic_concepts/ros2_ws/install/turtle_controller/lib/python3.10/site-packages/turtle_controller\n'}
[7.352134] (turtle_controller) StdoutLine: {'line': b'byte-compiling /home/ivan/personal/robotics_ros2/basic_concepts/ros2_ws/install/turtle_controller/lib/python3.10/site-packages/turtle_controller/subscriber.py to subscriber.cpython-310.pyc\n'}
[7.352868] (turtle_controller) StdoutLine: {'line': b'byte-compiling /home/ivan/personal/robotics_ros2/basic_concepts/ros2_ws/install/turtle_controller/lib/python3.10/site-packages/turtle_controller/__init__.py to __init__.cpython-310.pyc\n'}
[7.353032] (turtle_controller) StdoutLine: {'line': b'running install_data\n'}
[7.353195] (turtle_controller) StdoutLine: {'line': b'creating /home/ivan/personal/robotics_ros2/basic_concepts/ros2_ws/install/turtle_controller/share/ament_index\n'}
[7.353355] (turtle_controller) StdoutLine: {'line': b'creating /home/ivan/personal/robotics_ros2/basic_concepts/ros2_ws/install/turtle_controller/share/ament_index/resource_index\n'}
[7.353450] (turtle_controller) StdoutLine: {'line': b'creating /home/ivan/personal/robotics_ros2/basic_concepts/ros2_ws/install/turtle_controller/share/ament_index/resource_index/packages\n'}
[7.353652] (turtle_controller) StdoutLine: {'line': b'copying resource/turtle_controller -> /home/ivan/personal/robotics_ros2/basic_concepts/ros2_ws/install/turtle_controller/share/ament_index/resource_index/packages\n'}
[7.353801] (turtle_controller) StdoutLine: {'line': b'copying package.xml -> /home/ivan/personal/robotics_ros2/basic_concepts/ros2_ws/install/turtle_controller/share/turtle_controller\n'}
[7.353948] (turtle_controller) StdoutLine: {'line': b'running install_egg_info\n'}
[7.354323] (turtle_controller) StdoutLine: {'line': b'Copying ../../build/turtle_controller/turtle_controller.egg-info to /home/ivan/personal/robotics_ros2/basic_concepts/ros2_ws/install/turtle_controller/lib/python3.10/site-packages/turtle_controller-0.0.0-py3.10.egg-info\n'}
[7.354395] (turtle_controller) StdoutLine: {'line': b'running install_scripts\n'}
[7.355854] (-) TimerEvent: {}
[7.361994] (pubsub_custom) JobEnded: {'identifier': 'pubsub_custom', 'rc': 0}
[7.380163] (turtle_controller) StdoutLine: {'line': b'Installing turtle_controller script to /home/ivan/personal/robotics_ros2/basic_concepts/ros2_ws/install/turtle_controller/lib/turtle_controller\n'}
[7.381137] (turtle_controller) StdoutLine: {'line': b"writing list of installed files to '/home/ivan/personal/robotics_ros2/basic_concepts/ros2_ws/build/turtle_controller/install.log'\n"}
[7.410958] (turtle_controller) CommandEnded: {'returncode': 0}
[7.416542] (turtle_controller) JobEnded: {'identifier': 'turtle_controller', 'rc': 0}
[7.418190] (-) EventReactorShutdown: {}
